video_no,video_id,url,title,topic,subtopic,metric,rank,keyword,score,embedding_raw,embedding_norm,vlm_rrf_norm,vlm_rank
1,KTNcYYHuBTY,https://www.youtube.com/watch?v=KTNcYYHuBTY,Powers of the Imaginary Unit i,Complex Numbers,Complex Powers and Roots,word2vec_raw,1,Powers of i,0.650338,,,,
1,KTNcYYHuBTY,https://www.youtube.com/watch?v=KTNcYYHuBTY,Powers of the Imaginary Unit i,Complex Numbers,Complex Powers and Roots,word2vec_raw,2,Center of mass of a 1D object,0.60269,,,,
1,KTNcYYHuBTY,https://www.youtube.com/watch?v=KTNcYYHuBTY,Powers of the Imaginary Unit i,Complex Numbers,Complex Powers and Roots,word2vec_raw,3,Modulus of a complex number,0.593071,,,,
1,KTNcYYHuBTY,https://www.youtube.com/watch?v=KTNcYYHuBTY,Powers of the Imaginary Unit i,Complex Numbers,Complex Powers and Roots,word2vec_raw,4,Area of a region between two or more curves,0.587742,,,,
1,KTNcYYHuBTY,https://www.youtube.com/watch?v=KTNcYYHuBTY,Powers of the Imaginary Unit i,Complex Numbers,Complex Powers and Roots,word2vec_raw,5,Volume of a solid of revolution,0.53922,,,,
1,KTNcYYHuBTY,https://www.youtube.com/watch?v=KTNcYYHuBTY,Powers of the Imaginary Unit i,Complex Numbers,Complex Powers and Roots,glove_raw,1,Powers of i,0.861748,,,,
1,KTNcYYHuBTY,https://www.youtube.com/watch?v=KTNcYYHuBTY,Powers of the Imaginary Unit i,Complex Numbers,Complex Powers and Roots,glove_raw,2,Area of a region between two or more curves,0.825197,,,,
1,KTNcYYHuBTY,https://www.youtube.com/watch?v=KTNcYYHuBTY,Powers of the Imaginary Unit i,Complex Numbers,Complex Powers and Roots,glove_raw,3,Center of mass of a 1D object,0.814571,,,,
1,KTNcYYHuBTY,https://www.youtube.com/watch?v=KTNcYYHuBTY,Powers of the Imaginary Unit i,Complex Numbers,Complex Powers and Roots,glove_raw,4,Powers of complex numbers,0.78574,,,,
1,KTNcYYHuBTY,https://www.youtube.com/watch?v=KTNcYYHuBTY,Powers of the Imaginary Unit i,Complex Numbers,Complex Powers and Roots,glove_raw,5,Volume of a solid of revolution,0.782016,,,,
1,KTNcYYHuBTY,https://www.youtube.com/watch?v=KTNcYYHuBTY,Powers of the Imaginary Unit i,Complex Numbers,Complex Powers and Roots,word2vec_glove_raw,1,Powers of i,1.0,,,,
1,KTNcYYHuBTY,https://www.youtube.com/watch?v=KTNcYYHuBTY,Powers of the Imaginary Unit i,Complex Numbers,Complex Powers and Roots,word2vec_glove_raw,2,Center of mass of a 1D object,0.944311,,,,
1,KTNcYYHuBTY,https://www.youtube.com/watch?v=KTNcYYHuBTY,Powers of the Imaginary Unit i,Complex Numbers,Complex Powers and Roots,word2vec_glove_raw,3,Area of a region between two or more curves,0.937111,,,,
1,KTNcYYHuBTY,https://www.youtube.com/watch?v=KTNcYYHuBTY,Powers of the Imaginary Unit i,Complex Numbers,Complex Powers and Roots,word2vec_glove_raw,4,Modulus of a complex number,0.894318,,,,
1,KTNcYYHuBTY,https://www.youtube.com/watch?v=KTNcYYHuBTY,Powers of the Imaginary Unit i,Complex Numbers,Complex Powers and Roots,word2vec_glove_raw,5,Volume of a solid of revolution,0.882364,,,,
1,KTNcYYHuBTY,https://www.youtube.com/watch?v=KTNcYYHuBTY,Powers of the Imaginary Unit i,Complex Numbers,Complex Powers and Roots,word2vec_vlm_hybrid,1,Powers of i,1.0,0.650338,1.0,1.0,1
1,KTNcYYHuBTY,https://www.youtube.com/watch?v=KTNcYYHuBTY,Powers of the Imaginary Unit i,Complex Numbers,Complex Powers and Roots,word2vec_vlm_hybrid,2,Powers of complex numbers,0.87767,0.486367,0.747868,0.983871,2
1,KTNcYYHuBTY,https://www.youtube.com/watch?v=KTNcYYHuBTY,Powers of the Imaginary Unit i,Complex Numbers,Complex Powers and Roots,word2vec_vlm_hybrid,3,Imaginary part,0.813546,0.406109,0.624458,0.968254,3
1,KTNcYYHuBTY,https://www.youtube.com/watch?v=KTNcYYHuBTY,Powers of the Imaginary Unit i,Complex Numbers,Complex Powers and Roots,word2vec_vlm_hybrid,4,Operations with complex numbers,0.77439,0.361547,0.555937,0.953125,4
1,KTNcYYHuBTY,https://www.youtube.com/watch?v=KTNcYYHuBTY,Powers of the Imaginary Unit i,Complex Numbers,Complex Powers and Roots,word2vec_vlm_hybrid,5,Nth root,0.773208,0.371493,0.571231,0.938462,5
1,KTNcYYHuBTY,https://www.youtube.com/watch?v=KTNcYYHuBTY,Powers of the Imaginary Unit i,Complex Numbers,Complex Powers and Roots,glove_vlm_hybrid,1,Powers of i,1.0,0.861748,1.0,1.0,1
1,KTNcYYHuBTY,https://www.youtube.com/watch?v=KTNcYYHuBTY,Powers of the Imaginary Unit i,Complex Numbers,Complex Powers and Roots,glove_vlm_hybrid,2,Powers of complex numbers,0.963498,0.78574,0.938598,0.983871,2
1,KTNcYYHuBTY,https://www.youtube.com/watch?v=KTNcYYHuBTY,Powers of the Imaginary Unit i,Complex Numbers,Complex Powers and Roots,glove_vlm_hybrid,3,Operations with complex numbers,0.915701,0.700776,0.86996,0.953125,4
1,KTNcYYHuBTY,https://www.youtube.com/watch?v=KTNcYYHuBTY,Powers of the Imaginary Unit i,Complex Numbers,Complex Powers and Roots,glove_vlm_hybrid,4,Imaginary part,0.898892,0.63165,0.814117,0.968254,3
1,KTNcYYHuBTY,https://www.youtube.com/watch?v=KTNcYYHuBTY,Powers of the Imaginary Unit i,Complex Numbers,Complex Powers and Roots,glove_vlm_hybrid,5,Nth root,0.711092,0.160122,0.433197,0.938462,5
1,KTNcYYHuBTY,https://www.youtube.com/watch?v=KTNcYYHuBTY,Powers of the Imaginary Unit i,Complex Numbers,Complex Powers and Roots,word2vec_glove_vlm_hybrid,1,Powers of i,1.0,1.0,1.0,1.0,1
1,KTNcYYHuBTY,https://www.youtube.com/watch?v=KTNcYYHuBTY,Powers of the Imaginary Unit i,Complex Numbers,Complex Powers and Roots,word2vec_glove_vlm_hybrid,2,Powers of complex numbers,0.915935,0.843233,0.832902,0.983871,2
1,KTNcYYHuBTY,https://www.youtube.com/watch?v=KTNcYYHuBTY,Powers of the Imaginary Unit i,Complex Numbers,Complex Powers and Roots,word2vec_glove_vlm_hybrid,3,Imaginary part,0.847895,0.719288,0.700789,0.968254,3
1,KTNcYYHuBTY,https://www.youtube.com/watch?v=KTNcYYHuBTY,Powers of the Imaginary Unit i,Complex Numbers,Complex Powers and Roots,word2vec_glove_vlm_hybrid,4,Operations with complex numbers,0.836533,0.712949,0.694032,0.953125,4
1,KTNcYYHuBTY,https://www.youtube.com/watch?v=KTNcYYHuBTY,Powers of the Imaginary Unit i,Complex Numbers,Complex Powers and Roots,word2vec_glove_vlm_hybrid,5,Nth root,0.727388,0.502214,0.469409,0.938462,5
2,BZxZ_eEuJBM,https://www.youtube.com/watch?v=BZxZ_eEuJBM,Complex Conjugates,Complex Numbers,Complex Arithmetic,word2vec_raw,1,Modulus of a complex number,0.696437,,,,
2,BZxZ_eEuJBM,https://www.youtube.com/watch?v=BZxZ_eEuJBM,Complex Conjugates,Complex Numbers,Complex Arithmetic,word2vec_raw,2,Area of a region between two or more curves,0.632062,,,,
2,BZxZ_eEuJBM,https://www.youtube.com/watch?v=BZxZ_eEuJBM,Complex Conjugates,Complex Numbers,Complex Arithmetic,word2vec_raw,3,Equations involving complex numbers,0.604825,,,,
2,BZxZ_eEuJBM,https://www.youtube.com/watch?v=BZxZ_eEuJBM,Complex Conjugates,Complex Numbers,Complex Arithmetic,word2vec_raw,4,Center of mass of a 1D object,0.600447,,,,
2,BZxZ_eEuJBM,https://www.youtube.com/watch?v=BZxZ_eEuJBM,Complex Conjugates,Complex Numbers,Complex Arithmetic,word2vec_raw,5,Powers of complex numbers,0.575399,,,,
2,BZxZ_eEuJBM,https://www.youtube.com/watch?v=BZxZ_eEuJBM,Complex Conjugates,Complex Numbers,Complex Arithmetic,glove_raw,1,Area of a region between two or more curves,0.849348,,,,
2,BZxZ_eEuJBM,https://www.youtube.com/watch?v=BZxZ_eEuJBM,Complex Conjugates,Complex Numbers,Complex Arithmetic,glove_raw,2,Regions in the complex plane,0.821402,,,,
2,BZxZ_eEuJBM,https://www.youtube.com/watch?v=BZxZ_eEuJBM,Complex Conjugates,Complex Numbers,Complex Arithmetic,glove_raw,3,Powers of complex numbers,0.818325,,,,
2,BZxZ_eEuJBM,https://www.youtube.com/watch?v=BZxZ_eEuJBM,Complex Conjugates,Complex Numbers,Complex Arithmetic,glove_raw,4,Modulus of a complex number,0.80922,,,,
2,BZxZ_eEuJBM,https://www.youtube.com/watch?v=BZxZ_eEuJBM,Complex Conjugates,Complex Numbers,Complex Arithmetic,glove_raw,5,Operations with complex numbers,0.797158,,,,
2,BZxZ_eEuJBM,https://www.youtube.com/watch?v=BZxZ_eEuJBM,Complex Conjugates,Complex Numbers,Complex Arithmetic,word2vec_glove_raw,1,Modulus of a complex number,0.983091,,,,
2,BZxZ_eEuJBM,https://www.youtube.com/watch?v=BZxZ_eEuJBM,Complex Conjugates,Complex Numbers,Complex Arithmetic,word2vec_glove_raw,2,Area of a region between two or more curves,0.953783,,,,
2,BZxZ_eEuJBM,https://www.youtube.com/watch?v=BZxZ_eEuJBM,Complex Conjugates,Complex Numbers,Complex Arithmetic,word2vec_glove_raw,3,Center of mass of a 1D object,0.908467,,,,
2,BZxZ_eEuJBM,https://www.youtube.com/watch?v=BZxZ_eEuJBM,Complex Conjugates,Complex Numbers,Complex Arithmetic,word2vec_glove_raw,4,Powers of complex numbers,0.90003,,,,
2,BZxZ_eEuJBM,https://www.youtube.com/watch?v=BZxZ_eEuJBM,Complex Conjugates,Complex Numbers,Complex Arithmetic,word2vec_glove_raw,5,Equations involving complex numbers,0.859321,,,,
2,BZxZ_eEuJBM,https://www.youtube.com/watch?v=BZxZ_eEuJBM,Complex Conjugates,Complex Numbers,Complex Arithmetic,word2vec_vlm_hybrid,1,Operations with complex numbers,0.876096,0.504678,0.724657,1.0,1
2,BZxZ_eEuJBM,https://www.youtube.com/watch?v=BZxZ_eEuJBM,Complex Conjugates,Complex Numbers,Complex Arithmetic,word2vec_vlm_hybrid,2,Imaginary part,0.796246,0.394828,0.566926,0.983871,2
2,BZxZ_eEuJBM,https://www.youtube.com/watch?v=BZxZ_eEuJBM,Complex Conjugates,Complex Numbers,Complex Arithmetic,word2vec_vlm_hybrid,3,Conjugate number,0.779042,0.381496,0.547782,0.968254,3
2,BZxZ_eEuJBM,https://www.youtube.com/watch?v=BZxZ_eEuJBM,Complex Conjugates,Complex Numbers,Complex Arithmetic,word2vec_vlm_hybrid,4,Real part,0.760498,0.365674,0.525064,0.953125,4
2,BZxZ_eEuJBM,https://www.youtube.com/watch?v=BZxZ_eEuJBM,Complex Conjugates,Complex Numbers,Complex Arithmetic,word2vec_vlm_hybrid,5,Argand diagram,0.751321,0.363954,0.522594,0.938462,5
2,BZxZ_eEuJBM,https://www.youtube.com/watch?v=BZxZ_eEuJBM,Complex Conjugates,Complex Numbers,Complex Arithmetic,glove_vlm_hybrid,1,Operations with complex numbers,0.980208,0.797158,0.956017,1.0,1
2,BZxZ_eEuJBM,https://www.youtube.com/watch?v=BZxZ_eEuJBM,Complex Conjugates,Complex Numbers,Complex Arithmetic,glove_vlm_hybrid,2,Real part,0.942254,0.76506,0.928967,0.953125,4
2,BZxZ_eEuJBM,https://www.youtube.com/watch?v=BZxZ_eEuJBM,Complex Conjugates,Complex Numbers,Complex Arithmetic,glove_vlm_hybrid,3,Imaginary part,0.894832,0.595424,0.786007,0.983871,2
2,BZxZ_eEuJBM,https://www.youtube.com/watch?v=BZxZ_eEuJBM,Complex Conjugates,Complex Numbers,Complex Arithmetic,glove_vlm_hybrid,4,Conjugate number,0.810067,0.394555,0.616727,0.968254,3
2,BZxZ_eEuJBM,https://www.youtube.com/watch?v=BZxZ_eEuJBM,Complex Conjugates,Complex Numbers,Complex Arithmetic,glove_vlm_hybrid,5,Argand diagram,0.620795,-0.061327,0.232535,0.938462,5
2,BZxZ_eEuJBM,https://www.youtube.com/watch?v=BZxZ_eEuJBM,Complex Conjugates,Complex Numbers,Complex Arithmetic,word2vec_glove_vlm_hybrid,1,Operations with complex numbers,0.928763,0.840337,0.841695,1.0,1
2,BZxZ_eEuJBM,https://www.youtube.com/watch?v=BZxZ_eEuJBM,Complex Conjugates,Complex Numbers,Complex Arithmetic,word2vec_glove_vlm_hybrid,2,Real part,0.846431,0.727015,0.716028,0.953125,4
2,BZxZ_eEuJBM,https://www.youtube.com/watch?v=BZxZ_eEuJBM,Complex Conjugates,Complex Numbers,Complex Arithmetic,word2vec_glove_vlm_hybrid,3,Imaginary part,0.838117,0.676467,0.659974,0.983871,2
2,BZxZ_eEuJBM,https://www.youtube.com/watch?v=BZxZ_eEuJBM,Complex Conjugates,Complex Numbers,Complex Arithmetic,word2vec_glove_vlm_hybrid,4,Conjugate number,0.782514,0.582255,0.555499,0.968254,3
2,BZxZ_eEuJBM,https://www.youtube.com/watch?v=BZxZ_eEuJBM,Complex Conjugates,Complex Numbers,Complex Arithmetic,word2vec_glove_vlm_hybrid,5,Argand diagram,0.663984,0.377565,0.328511,0.938462,5
3,kpywdu1afas,https://www.youtube.com/watch?v=kpywdu1afas,Introduction to Complex Numbers,Complex Numbers,Complex Plane and Loci,word2vec_raw,1,Modulus of a complex number,0.593463,,,,
3,kpywdu1afas,https://www.youtube.com/watch?v=kpywdu1afas,Introduction to Complex Numbers,Complex Numbers,Complex Plane and Loci,word2vec_raw,2,Powers of complex numbers,0.581108,,,,
3,kpywdu1afas,https://www.youtube.com/watch?v=kpywdu1afas,Introduction to Complex Numbers,Complex Numbers,Complex Plane and Loci,word2vec_raw,3,Area of a region between two or more curves,0.563827,,,,
3,kpywdu1afas,https://www.youtube.com/watch?v=kpywdu1afas,Introduction to Complex Numbers,Complex Numbers,Complex Plane and Loci,word2vec_raw,4,Equations involving complex numbers,0.55742,,,,
3,kpywdu1afas,https://www.youtube.com/watch?v=kpywdu1afas,Introduction to Complex Numbers,Complex Numbers,Complex Plane and Loci,word2vec_raw,5,Center of mass of a 1D object,0.549217,,,,
3,kpywdu1afas,https://www.youtube.com/watch?v=kpywdu1afas,Introduction to Complex Numbers,Complex Numbers,Complex Plane and Loci,glove_raw,1,Area of a region between two or more curves,0.844011,,,,
3,kpywdu1afas,https://www.youtube.com/watch?v=kpywdu1afas,Introduction to Complex Numbers,Complex Numbers,Complex Plane and Loci,glove_raw,2,Regions in the complex plane,0.808934,,,,
3,kpywdu1afas,https://www.youtube.com/watch?v=kpywdu1afas,Introduction to Complex Numbers,Complex Numbers,Complex Plane and Loci,glove_raw,3,Powers of complex numbers,0.804712,,,,
3,kpywdu1afas,https://www.youtube.com/watch?v=kpywdu1afas,Introduction to Complex Numbers,Complex Numbers,Complex Plane and Loci,glove_raw,4,Operations with complex numbers,0.793577,,,,
3,kpywdu1afas,https://www.youtube.com/watch?v=kpywdu1afas,Introduction to Complex Numbers,Complex Numbers,Complex Plane and Loci,glove_raw,5,Center of mass of a 1D object,0.790791,,,,
3,kpywdu1afas,https://www.youtube.com/watch?v=kpywdu1afas,Introduction to Complex Numbers,Complex Numbers,Complex Plane and Loci,word2vec_glove_raw,1,Area of a region between two or more curves,0.975031,,,,
3,kpywdu1afas,https://www.youtube.com/watch?v=kpywdu1afas,Introduction to Complex Numbers,Complex Numbers,Complex Plane and Loci,word2vec_glove_raw,2,Powers of complex numbers,0.973597,,,,
3,kpywdu1afas,https://www.youtube.com/watch?v=kpywdu1afas,Introduction to Complex Numbers,Complex Numbers,Complex Plane and Loci,word2vec_glove_raw,3,Modulus of a complex number,0.962194,,,,
3,kpywdu1afas,https://www.youtube.com/watch?v=kpywdu1afas,Introduction to Complex Numbers,Complex Numbers,Complex Plane and Loci,word2vec_glove_raw,4,Center of mass of a 1D object,0.941063,,,,
3,kpywdu1afas,https://www.youtube.com/watch?v=kpywdu1afas,Introduction to Complex Numbers,Complex Numbers,Complex Plane and Loci,word2vec_glove_raw,5,Operations with complex numbers,0.925775,,,,
3,kpywdu1afas,https://www.youtube.com/watch?v=kpywdu1afas,Introduction to Complex Numbers,Complex Numbers,Complex Plane and Loci,word2vec_vlm_hybrid,1,Operations with complex numbers,0.9428,0.529726,0.892602,0.983871,2
3,kpywdu1afas,https://www.youtube.com/watch?v=kpywdu1afas,Introduction to Complex Numbers,Complex Numbers,Complex Plane and Loci,word2vec_vlm_hybrid,2,Imaginary part,0.877997,0.432564,0.728881,1.0,1
3,kpywdu1afas,https://www.youtube.com/watch?v=kpywdu1afas,Introduction to Complex Numbers,Complex Numbers,Complex Plane and Loci,word2vec_vlm_hybrid,3,Powers of i,0.841349,0.418234,0.704735,0.953125,4
3,kpywdu1afas,https://www.youtube.com/watch?v=kpywdu1afas,Introduction to Complex Numbers,Complex Numbers,Complex Plane and Loci,word2vec_vlm_hybrid,4,Real part,0.820479,0.401346,0.676278,0.938462,5
3,kpywdu1afas,https://www.youtube.com/watch?v=kpywdu1afas,Introduction to Complex Numbers,Complex Numbers,Complex Plane and Loci,word2vec_vlm_hybrid,5,Complex plane,0.777183,0.322637,0.543651,0.968254,3
3,kpywdu1afas,https://www.youtube.com/watch?v=kpywdu1afas,Introduction to Complex Numbers,Complex Numbers,Complex Plane and Loci,glove_vlm_hybrid,1,Operations with complex numbers,0.972656,0.793577,0.958949,0.983871,2
3,kpywdu1afas,https://www.youtube.com/watch?v=kpywdu1afas,Introduction to Complex Numbers,Complex Numbers,Complex Plane and Loci,glove_vlm_hybrid,2,Real part,0.945683,0.788123,0.95451,0.938462,5
3,kpywdu1afas,https://www.youtube.com/watch?v=kpywdu1afas,Introduction to Complex Numbers,Complex Numbers,Complex Plane and Loci,glove_vlm_hybrid,3,Powers of i,0.94178,0.755447,0.927913,0.953125,4
3,kpywdu1afas,https://www.youtube.com/watch?v=kpywdu1afas,Introduction to Complex Numbers,Complex Numbers,Complex Plane and Loci,glove_vlm_hybrid,4,Imaginary part,0.925942,0.64182,0.835427,1.0,1
3,kpywdu1afas,https://www.youtube.com/watch?v=kpywdu1afas,Introduction to Complex Numbers,Complex Numbers,Complex Plane and Loci,glove_vlm_hybrid,5,Complex plane,0.894978,0.604952,0.805418,0.968254,3
3,kpywdu1afas,https://www.youtube.com/watch?v=kpywdu1afas,Introduction to Complex Numbers,Complex Numbers,Complex Plane and Loci,word2vec_glove_vlm_hybrid,1,Operations with complex numbers,0.96692,0.925775,0.946201,0.983871,2
3,kpywdu1afas,https://www.youtube.com/watch?v=kpywdu1afas,Introduction to Complex Numbers,Complex Numbers,Complex Plane and Loci,word2vec_glove_vlm_hybrid,2,Imaginary part,0.9052,0.782154,0.789334,1.0,1
3,kpywdu1afas,https://www.youtube.com/watch?v=kpywdu1afas,Introduction to Complex Numbers,Complex Numbers,Complex Plane and Loci,word2vec_glove_vlm_hybrid,3,Powers of i,0.896214,0.816324,0.826655,0.953125,4
3,kpywdu1afas,https://www.youtube.com/watch?v=kpywdu1afas,Introduction to Complex Numbers,Complex Numbers,Complex Plane and Loci,word2vec_glove_vlm_hybrid,4,Real part,0.887692,0.815394,0.825639,0.938462,5
3,kpywdu1afas,https://www.youtube.com/watch?v=kpywdu1afas,Introduction to Complex Numbers,Complex Numbers,Complex Plane and Loci,word2vec_glove_vlm_hybrid,5,Complex plane,0.834845,0.674535,0.671789,0.968254,3
4,KeYfQ8Em9BU,https://www.youtube.com/watch?v=KeYfQ8Em9BU,Regions in the complex plane,Complex Numbers,Complex Plane and Loci,word2vec_raw,1,Regions in the complex plane,0.635967,,,,
4,KeYfQ8Em9BU,https://www.youtube.com/watch?v=KeYfQ8Em9BU,Regions in the complex plane,Complex Numbers,Complex Plane and Loci,word2vec_raw,2,Area of a region between two or more curves,0.59917,,,,
4,KeYfQ8Em9BU,https://www.youtube.com/watch?v=KeYfQ8Em9BU,Regions in the complex plane,Complex Numbers,Complex Plane and Loci,word2vec_raw,3,Equations involving complex numbers,0.570702,,,,
4,KeYfQ8Em9BU,https://www.youtube.com/watch?v=KeYfQ8Em9BU,Regions in the complex plane,Complex Numbers,Complex Plane and Loci,word2vec_raw,4,Powers of complex numbers,0.569925,,,,
4,KeYfQ8Em9BU,https://www.youtube.com/watch?v=KeYfQ8Em9BU,Regions in the complex plane,Complex Numbers,Complex Plane and Loci,word2vec_raw,5,Modulus of a complex number,0.559844,,,,
4,KeYfQ8Em9BU,https://www.youtube.com/watch?v=KeYfQ8Em9BU,Regions in the complex plane,Complex Numbers,Complex Plane and Loci,glove_raw,1,Regions in the complex plane,0.874873,,,,
4,KeYfQ8Em9BU,https://www.youtube.com/watch?v=KeYfQ8Em9BU,Regions in the complex plane,Complex Numbers,Complex Plane and Loci,glove_raw,2,Area of a region between two or more curves,0.855102,,,,
4,KeYfQ8Em9BU,https://www.youtube.com/watch?v=KeYfQ8Em9BU,Regions in the complex plane,Complex Numbers,Complex Plane and Loci,glove_raw,3,Powers of complex numbers,0.807974,,,,
4,KeYfQ8Em9BU,https://www.youtube.com/watch?v=KeYfQ8Em9BU,Regions in the complex plane,Complex Numbers,Complex Plane and Loci,glove_raw,4,Operations with complex numbers,0.790991,,,,
4,KeYfQ8Em9BU,https://www.youtube.com/watch?v=KeYfQ8Em9BU,Regions in the complex plane,Complex Numbers,Complex Plane and Loci,glove_raw,5,Real part,0.745461,,,,
4,KeYfQ8Em9BU,https://www.youtube.com/watch?v=KeYfQ8Em9BU,Regions in the complex plane,Complex Numbers,Complex Plane and Loci,word2vec_glove_raw,1,Regions in the complex plane,1.0,,,,
4,KeYfQ8Em9BU,https://www.youtube.com/watch?v=KeYfQ8Em9BU,Regions in the complex plane,Complex Numbers,Complex Plane and Loci,word2vec_glove_raw,2,Area of a region between two or more curves,0.96306,,,,
4,KeYfQ8Em9BU,https://www.youtube.com/watch?v=KeYfQ8Em9BU,Regions in the complex plane,Complex Numbers,Complex Plane and Loci,word2vec_glove_raw,3,Powers of complex numbers,0.920973,,,,
4,KeYfQ8Em9BU,https://www.youtube.com/watch?v=KeYfQ8Em9BU,Regions in the complex plane,Complex Numbers,Complex Plane and Loci,word2vec_glove_raw,4,Modulus of a complex number,0.884046,,,,
4,KeYfQ8Em9BU,https://www.youtube.com/watch?v=KeYfQ8Em9BU,Regions in the complex plane,Complex Numbers,Complex Plane and Loci,word2vec_glove_raw,5,Operations with complex numbers,0.878964,,,,
4,KeYfQ8Em9BU,https://www.youtube.com/watch?v=KeYfQ8Em9BU,Regions in the complex plane,Complex Numbers,Complex Plane and Loci,word2vec_vlm_hybrid,1,Regions in the complex plane,1.0,0.635967,1.0,1.0,1
4,KeYfQ8Em9BU,https://www.youtube.com/watch?v=KeYfQ8Em9BU,Regions in the complex plane,Complex Numbers,Complex Plane and Loci,word2vec_vlm_hybrid,2,Complex plane,0.792893,0.355808,0.559476,0.983871,2
4,KeYfQ8Em9BU,https://www.youtube.com/watch?v=KeYfQ8Em9BU,Regions in the complex plane,Complex Numbers,Complex Plane and Loci,word2vec_vlm_hybrid,3,Imaginary part,0.778573,0.347709,0.546741,0.968254,3
4,KeYfQ8Em9BU,https://www.youtube.com/watch?v=KeYfQ8Em9BU,Regions in the complex plane,Complex Numbers,Complex Plane and Loci,word2vec_vlm_hybrid,4,Real part,0.763725,0.338485,0.532237,0.953125,4
4,KeYfQ8Em9BU,https://www.youtube.com/watch?v=KeYfQ8Em9BU,Regions in the complex plane,Complex Numbers,Complex Plane and Loci,word2vec_vlm_hybrid,5,Rectangular form (Standard form),0.692451,0.249154,0.391772,0.938462,5
4,KeYfQ8Em9BU,https://www.youtube.com/watch?v=KeYfQ8Em9BU,Regions in the complex plane,Complex Numbers,Complex Plane and Loci,glove_vlm_hybrid,1,Regions in the complex plane,1.0,0.874873,1.0,1.0,1
4,KeYfQ8Em9BU,https://www.youtube.com/watch?v=KeYfQ8Em9BU,Regions in the complex plane,Complex Numbers,Complex Plane and Loci,glove_vlm_hybrid,2,Real part,0.92703,0.745461,0.895137,0.953125,4
4,KeYfQ8Em9BU,https://www.youtube.com/watch?v=KeYfQ8Em9BU,Regions in the complex plane,Complex Numbers,Complex Plane and Loci,glove_vlm_hybrid,3,Complex plane,0.910269,0.653117,0.82031,0.983871,2
4,KeYfQ8Em9BU,https://www.youtube.com/watch?v=KeYfQ8Em9BU,Regions in the complex plane,Complex Numbers,Complex Plane and Loci,glove_vlm_hybrid,4,Imaginary part,0.877223,0.586046,0.765962,0.968254,3
4,KeYfQ8Em9BU,https://www.youtube.com/watch?v=KeYfQ8Em9BU,Regions in the complex plane,Complex Numbers,Complex Plane and Loci,glove_vlm_hybrid,5,Rectangular form (Standard form),0.845856,0.544963,0.732672,0.938462,5
4,KeYfQ8Em9BU,https://www.youtube.com/watch?v=KeYfQ8Em9BU,Regions in the complex plane,Complex Numbers,Complex Plane and Loci,word2vec_glove_vlm_hybrid,1,Regions in the complex plane,1.0,1.0,1.0,1.0,1
4,KeYfQ8Em9BU,https://www.youtube.com/watch?v=KeYfQ8Em9BU,Regions in the complex plane,Complex Numbers,Complex Plane and Loci,word2vec_glove_vlm_hybrid,2,Complex plane,0.84143,0.689893,0.667336,0.983871,2
4,KeYfQ8Em9BU,https://www.youtube.com/watch?v=KeYfQ8Em9BU,Regions in the complex plane,Complex Numbers,Complex Plane and Loci,word2vec_glove_vlm_hybrid,3,Real part,0.836006,0.713687,0.692861,0.953125,4
4,KeYfQ8Em9BU,https://www.youtube.com/watch?v=KeYfQ8Em9BU,Regions in the complex plane,Complex Numbers,Complex Plane and Loci,word2vec_glove_vlm_hybrid,4,Imaginary part,0.816649,0.656351,0.631355,0.968254,3
4,KeYfQ8Em9BU,https://www.youtube.com/watch?v=KeYfQ8Em9BU,Regions in the complex plane,Complex Numbers,Complex Plane and Loci,word2vec_glove_vlm_hybrid,5,Rectangular form (Standard form),0.754824,0.562222,0.530379,0.938462,5
5,AqtgBbEI4wM,https://www.youtube.com/watch?v=AqtgBbEI4wM,Sketching the Locus of Complex Numbers,Complex Numbers,Complex Plane and Loci,word2vec_raw,1,Modulus of a complex number,0.638479,,,,
5,AqtgBbEI4wM,https://www.youtube.com/watch?v=AqtgBbEI4wM,Sketching the Locus of Complex Numbers,Complex Numbers,Complex Plane and Loci,word2vec_raw,2,Center of mass of a 1D object,0.631877,,,,
5,AqtgBbEI4wM,https://www.youtube.com/watch?v=AqtgBbEI4wM,Sketching the Locus of Complex Numbers,Complex Numbers,Complex Plane and Loci,word2vec_raw,3,Area of a region between two or more curves,0.596737,,,,
5,AqtgBbEI4wM,https://www.youtube.com/watch?v=AqtgBbEI4wM,Sketching the Locus of Complex Numbers,Complex Numbers,Complex Plane and Loci,word2vec_raw,4,Equations involving complex numbers,0.528188,,,,
5,AqtgBbEI4wM,https://www.youtube.com/watch?v=AqtgBbEI4wM,Sketching the Locus of Complex Numbers,Complex Numbers,Complex Plane and Loci,word2vec_raw,5,Area of a planar region,0.507446,,,,
5,AqtgBbEI4wM,https://www.youtube.com/watch?v=AqtgBbEI4wM,Sketching the Locus of Complex Numbers,Complex Numbers,Complex Plane and Loci,glove_raw,1,Center of mass of a 1D object,0.814211,,,,
5,AqtgBbEI4wM,https://www.youtube.com/watch?v=AqtgBbEI4wM,Sketching the Locus of Complex Numbers,Complex Numbers,Complex Plane and Loci,glove_raw,2,Area of a region between two or more curves,0.776163,,,,
5,AqtgBbEI4wM,https://www.youtube.com/watch?v=AqtgBbEI4wM,Sketching the Locus of Complex Numbers,Complex Numbers,Complex Plane and Loci,glove_raw,3,Modulus of a complex number,0.752558,,,,
5,AqtgBbEI4wM,https://www.youtube.com/watch?v=AqtgBbEI4wM,Sketching the Locus of Complex Numbers,Complex Numbers,Complex Plane and Loci,glove_raw,4,Powers of complex numbers,0.728915,,,,
5,AqtgBbEI4wM,https://www.youtube.com/watch?v=AqtgBbEI4wM,Sketching the Locus of Complex Numbers,Complex Numbers,Complex Plane and Loci,glove_raw,5,Regions in the complex plane,0.722189,,,,
5,AqtgBbEI4wM,https://www.youtube.com/watch?v=AqtgBbEI4wM,Sketching the Locus of Complex Numbers,Complex Numbers,Complex Plane and Loci,word2vec_glove_raw,1,Center of mass of a 1D object,0.99483,,,,
5,AqtgBbEI4wM,https://www.youtube.com/watch?v=AqtgBbEI4wM,Sketching the Locus of Complex Numbers,Complex Numbers,Complex Plane and Loci,word2vec_glove_raw,2,Modulus of a complex number,0.972619,,,,
5,AqtgBbEI4wM,https://www.youtube.com/watch?v=AqtgBbEI4wM,Sketching the Locus of Complex Numbers,Complex Numbers,Complex Plane and Loci,word2vec_glove_raw,3,Area of a region between two or more curves,0.950414,,,,
5,AqtgBbEI4wM,https://www.youtube.com/watch?v=AqtgBbEI4wM,Sketching the Locus of Complex Numbers,Complex Numbers,Complex Plane and Loci,word2vec_glove_raw,4,Volume of a solid of revolution,0.853246,,,,
5,AqtgBbEI4wM,https://www.youtube.com/watch?v=AqtgBbEI4wM,Sketching the Locus of Complex Numbers,Complex Numbers,Complex Plane and Loci,word2vec_glove_raw,5,Equations involving complex numbers,0.83629,,,,
5,AqtgBbEI4wM,https://www.youtube.com/watch?v=AqtgBbEI4wM,Sketching the Locus of Complex Numbers,Complex Numbers,Complex Plane and Loci,word2vec_vlm_hybrid,1,Modulus of a complex number,0.98254,0.638479,1.0,0.968254,3
5,AqtgBbEI4wM,https://www.youtube.com/watch?v=AqtgBbEI4wM,Sketching the Locus of Complex Numbers,Complex Numbers,Complex Plane and Loci,word2vec_vlm_hybrid,2,Equations involving complex numbers,0.922267,0.528188,0.82726,1.0,1
5,AqtgBbEI4wM,https://www.youtube.com/watch?v=AqtgBbEI4wM,Sketching the Locus of Complex Numbers,Complex Numbers,Complex Plane and Loci,word2vec_vlm_hybrid,3,Algebraic form,0.853142,0.478133,0.748863,0.938462,5
5,AqtgBbEI4wM,https://www.youtube.com/watch?v=AqtgBbEI4wM,Sketching the Locus of Complex Numbers,Complex Numbers,Complex Plane and Loci,word2vec_vlm_hybrid,4,Argand diagram,0.835477,0.441627,0.691686,0.953125,4
5,AqtgBbEI4wM,https://www.youtube.com/watch?v=AqtgBbEI4wM,Sketching the Locus of Complex Numbers,Complex Numbers,Complex Plane and Loci,word2vec_vlm_hybrid,5,Regions in the complex plane,0.799177,0.366129,0.573439,0.983871,2
5,AqtgBbEI4wM,https://www.youtube.com/watch?v=AqtgBbEI4wM,Sketching the Locus of Complex Numbers,Complex Numbers,Complex Plane and Loci,glove_vlm_hybrid,1,Modulus of a complex number,0.957897,0.752558,0.945237,0.968254,3
5,AqtgBbEI4wM,https://www.youtube.com/watch?v=AqtgBbEI4wM,Sketching the Locus of Complex Numbers,Complex Numbers,Complex Plane and Loci,glove_vlm_hybrid,2,Regions in the complex plane,0.954347,0.722189,0.918262,0.983871,2
5,AqtgBbEI4wM,https://www.youtube.com/watch?v=AqtgBbEI4wM,Sketching the Locus of Complex Numbers,Complex Numbers,Complex Plane and Loci,glove_vlm_hybrid,3,Equations involving complex numbers,0.930394,0.640068,0.845319,1.0,1
5,AqtgBbEI4wM,https://www.youtube.com/watch?v=AqtgBbEI4wM,Sketching the Locus of Complex Numbers,Complex Numbers,Complex Plane and Loci,glove_vlm_hybrid,4,Algebraic form,0.830812,0.475609,0.69924,0.938462,5
5,AqtgBbEI4wM,https://www.youtube.com/watch?v=AqtgBbEI4wM,Sketching the Locus of Complex Numbers,Complex Numbers,Complex Plane and Loci,glove_vlm_hybrid,5,Argand diagram,0.659672,0.027269,0.301007,0.953125,4
5,AqtgBbEI4wM,https://www.youtube.com/watch?v=AqtgBbEI4wM,Sketching the Locus of Complex Numbers,Complex Numbers,Complex Plane and Loci,word2vec_glove_vlm_hybrid,1,Modulus of a complex number,0.971796,0.972619,0.976126,0.968254,3
5,AqtgBbEI4wM,https://www.youtube.com/watch?v=AqtgBbEI4wM,Sketching the Locus of Complex Numbers,Complex Numbers,Complex Plane and Loci,word2vec_glove_vlm_hybrid,2,Equations involving complex numbers,0.923314,0.83629,0.829588,1.0,1
5,AqtgBbEI4wM,https://www.youtube.com/watch?v=AqtgBbEI4wM,Sketching the Locus of Complex Numbers,Complex Numbers,Complex Plane and Loci,word2vec_glove_vlm_hybrid,3,Regions in the complex plane,0.870698,0.745851,0.732376,0.983871,2
5,AqtgBbEI4wM,https://www.youtube.com/watch?v=AqtgBbEI4wM,Sketching the Locus of Complex Numbers,Complex Numbers,Complex Plane and Loci,word2vec_glove_vlm_hybrid,4,Algebraic form,0.835178,0.724051,0.708943,0.938462,5
5,AqtgBbEI4wM,https://www.youtube.com/watch?v=AqtgBbEI4wM,Sketching the Locus of Complex Numbers,Complex Numbers,Complex Plane and Loci,word2vec_glove_vlm_hybrid,5,Argand diagram,0.733103,0.496347,0.464187,0.953125,4
6,G8GAsYkZlpE,https://www.youtube.com/watch?v=G8GAsYkZlpE,Second Derivative Test for Relative Extrema,Differentiation,Extrema and Concavity,word2vec_raw,1,First derivative test,0.642574,,,,
6,G8GAsYkZlpE,https://www.youtube.com/watch?v=G8GAsYkZlpE,Second Derivative Test for Relative Extrema,Differentiation,Extrema and Concavity,word2vec_raw,2,Second derivative test,0.633637,,,,
6,G8GAsYkZlpE,https://www.youtube.com/watch?v=G8GAsYkZlpE,Second Derivative Test for Relative Extrema,Differentiation,Extrema and Concavity,word2vec_raw,3,Modulus of a complex number,0.571868,,,,
6,G8GAsYkZlpE,https://www.youtube.com/watch?v=G8GAsYkZlpE,Second Derivative Test for Relative Extrema,Differentiation,Extrema and Concavity,word2vec_raw,4,Area of a region between two or more curves,0.54802,,,,
6,G8GAsYkZlpE,https://www.youtube.com/watch?v=G8GAsYkZlpE,Second Derivative Test for Relative Extrema,Differentiation,Extrema and Concavity,word2vec_raw,5,Center of mass of a 1D object,0.540193,,,,
6,G8GAsYkZlpE,https://www.youtube.com/watch?v=G8GAsYkZlpE,Second Derivative Test for Relative Extrema,Differentiation,Extrema and Concavity,glove_raw,1,Area of a region between two or more curves,0.812182,,,,
6,G8GAsYkZlpE,https://www.youtube.com/watch?v=G8GAsYkZlpE,Second Derivative Test for Relative Extrema,Differentiation,Extrema and Concavity,glove_raw,2,Center of mass of a 1D object,0.784566,,,,
6,G8GAsYkZlpE,https://www.youtube.com/watch?v=G8GAsYkZlpE,Second Derivative Test for Relative Extrema,Differentiation,Extrema and Concavity,glove_raw,3,First derivative test,0.761137,,,,
6,G8GAsYkZlpE,https://www.youtube.com/watch?v=G8GAsYkZlpE,Second Derivative Test for Relative Extrema,Differentiation,Extrema and Concavity,glove_raw,4,Volume of a solid of revolution,0.759591,,,,
6,G8GAsYkZlpE,https://www.youtube.com/watch?v=G8GAsYkZlpE,Second Derivative Test for Relative Extrema,Differentiation,Extrema and Concavity,glove_raw,5,Second derivative test,0.752444,,,,
6,G8GAsYkZlpE,https://www.youtube.com/watch?v=G8GAsYkZlpE,Second Derivative Test for Relative Extrema,Differentiation,Extrema and Concavity,word2vec_glove_raw,1,First derivative test,0.977945,,,,
6,G8GAsYkZlpE,https://www.youtube.com/watch?v=G8GAsYkZlpE,Second Derivative Test for Relative Extrema,Differentiation,Extrema and Concavity,word2vec_glove_raw,2,Second derivative test,0.967235,,,,
6,G8GAsYkZlpE,https://www.youtube.com/watch?v=G8GAsYkZlpE,Second Derivative Test for Relative Extrema,Differentiation,Extrema and Concavity,word2vec_glove_raw,3,Area of a region between two or more curves,0.926426,,,,
6,G8GAsYkZlpE,https://www.youtube.com/watch?v=G8GAsYkZlpE,Second Derivative Test for Relative Extrema,Differentiation,Extrema and Concavity,word2vec_glove_raw,4,Modulus of a complex number,0.911785,,,,
6,G8GAsYkZlpE,https://www.youtube.com/watch?v=G8GAsYkZlpE,Second Derivative Test for Relative Extrema,Differentiation,Extrema and Concavity,word2vec_glove_raw,5,Center of mass of a 1D object,0.908403,,,,
6,G8GAsYkZlpE,https://www.youtube.com/watch?v=G8GAsYkZlpE,Second Derivative Test for Relative Extrema,Differentiation,Extrema and Concavity,word2vec_vlm_hybrid,1,Second derivative test,0.993741,0.633637,0.986092,1.0,1
6,G8GAsYkZlpE,https://www.youtube.com/watch?v=G8GAsYkZlpE,Second Derivative Test for Relative Extrema,Differentiation,Extrema and Concavity,word2vec_vlm_hybrid,2,Local maximum,0.808414,0.381668,0.593967,0.983871,2
6,G8GAsYkZlpE,https://www.youtube.com/watch?v=G8GAsYkZlpE,Second Derivative Test for Relative Extrema,Differentiation,Extrema and Concavity,word2vec_vlm_hybrid,3,Critical point,0.801809,0.396383,0.616867,0.953125,4
6,G8GAsYkZlpE,https://www.youtube.com/watch?v=G8GAsYkZlpE,Second Derivative Test for Relative Extrema,Differentiation,Extrema and Concavity,word2vec_vlm_hybrid,4,Local minimum,0.794525,0.3741,0.58219,0.968254,3
6,G8GAsYkZlpE,https://www.youtube.com/watch?v=G8GAsYkZlpE,Second Derivative Test for Relative Extrema,Differentiation,Extrema and Concavity,word2vec_vlm_hybrid,5,Concavity,0.663546,0.210468,0.327539,0.938462,5
6,G8GAsYkZlpE,https://www.youtube.com/watch?v=G8GAsYkZlpE,Second Derivative Test for Relative Extrema,Differentiation,Extrema and Concavity,glove_vlm_hybrid,1,Second derivative test,0.97677,0.752444,0.948378,1.0,1
6,G8GAsYkZlpE,https://www.youtube.com/watch?v=G8GAsYkZlpE,Second Derivative Test for Relative Extrema,Differentiation,Extrema and Concavity,glove_vlm_hybrid,2,Critical point,0.918597,0.669146,0.876397,0.953125,4
6,G8GAsYkZlpE,https://www.youtube.com/watch?v=G8GAsYkZlpE,Second Derivative Test for Relative Extrema,Differentiation,Extrema and Concavity,glove_vlm_hybrid,3,Local maximum,0.917267,0.622238,0.835862,0.983871,2
6,G8GAsYkZlpE,https://www.youtube.com/watch?v=G8GAsYkZlpE,Second Derivative Test for Relative Extrema,Differentiation,Extrema and Concavity,glove_vlm_hybrid,4,Local minimum,0.901559,0.603933,0.820043,0.968254,3
6,G8GAsYkZlpE,https://www.youtube.com/watch?v=G8GAsYkZlpE,Second Derivative Test for Relative Extrema,Differentiation,Extrema and Concavity,glove_vlm_hybrid,5,Concavity,0.578032,-0.185911,0.137507,0.938462,5
6,G8GAsYkZlpE,https://www.youtube.com/watch?v=G8GAsYkZlpE,Second Derivative Test for Relative Extrema,Differentiation,Extrema and Concavity,word2vec_glove_vlm_hybrid,1,Second derivative test,0.994642,0.967235,0.988094,1.0,1
6,G8GAsYkZlpE,https://www.youtube.com/watch?v=G8GAsYkZlpE,Second Derivative Test for Relative Extrema,Differentiation,Extrema and Concavity,word2vec_glove_vlm_hybrid,2,Local maximum,0.859547,0.714914,0.707595,0.983871,2
6,G8GAsYkZlpE,https://www.youtube.com/watch?v=G8GAsYkZlpE,Second Derivative Test for Relative Extrema,Differentiation,Extrema and Concavity,word2vec_glove_vlm_hybrid,3,Critical point,0.858503,0.746632,0.742855,0.953125,4
6,G8GAsYkZlpE,https://www.youtube.com/watch?v=G8GAsYkZlpE,Second Derivative Test for Relative Extrema,Differentiation,Extrema and Concavity,word2vec_glove_vlm_hybrid,4,Local minimum,0.844055,0.701117,0.692257,0.968254,3
6,G8GAsYkZlpE,https://www.youtube.com/watch?v=G8GAsYkZlpE,Second Derivative Test for Relative Extrema,Differentiation,Extrema and Concavity,word2vec_glove_vlm_hybrid,5,Concavity,0.593253,0.232523,0.171332,0.938462,5
7,8mjcnxGMwFo,https://www.youtube.com/watch?v=8mjcnxGMwFo,Lagrange Multipliers,Optimization,Constrained Optimization,word2vec_raw,1,Area of a region between two or more curves,0.618022,,,,
7,8mjcnxGMwFo,https://www.youtube.com/watch?v=8mjcnxGMwFo,Lagrange Multipliers,Optimization,Constrained Optimization,word2vec_raw,2,Modulus of a complex number,0.603988,,,,
7,8mjcnxGMwFo,https://www.youtube.com/watch?v=8mjcnxGMwFo,Lagrange Multipliers,Optimization,Constrained Optimization,word2vec_raw,3,Center of mass of a 1D object,0.586951,,,,
7,8mjcnxGMwFo,https://www.youtube.com/watch?v=8mjcnxGMwFo,Lagrange Multipliers,Optimization,Constrained Optimization,word2vec_raw,4,Instantaneous rate of change,0.558522,,,,
7,8mjcnxGMwFo,https://www.youtube.com/watch?v=8mjcnxGMwFo,Lagrange Multipliers,Optimization,Constrained Optimization,word2vec_raw,5,Multi-objective optimization,0.500882,,,,
7,8mjcnxGMwFo,https://www.youtube.com/watch?v=8mjcnxGMwFo,Lagrange Multipliers,Optimization,Constrained Optimization,glove_raw,1,Area of a region between two or more curves,0.820237,,,,
7,8mjcnxGMwFo,https://www.youtube.com/watch?v=8mjcnxGMwFo,Lagrange Multipliers,Optimization,Constrained Optimization,glove_raw,2,Center of mass of a 1D object,0.775213,,,,
7,8mjcnxGMwFo,https://www.youtube.com/watch?v=8mjcnxGMwFo,Lagrange Multipliers,Optimization,Constrained Optimization,glove_raw,3,Modulus of a complex number,0.763652,,,,
7,8mjcnxGMwFo,https://www.youtube.com/watch?v=8mjcnxGMwFo,Lagrange Multipliers,Optimization,Constrained Optimization,glove_raw,4,Volume of a solid of revolution,0.750312,,,,
7,8mjcnxGMwFo,https://www.youtube.com/watch?v=8mjcnxGMwFo,Lagrange Multipliers,Optimization,Constrained Optimization,glove_raw,5,Regions in the complex plane,0.741783,,,,
7,8mjcnxGMwFo,https://www.youtube.com/watch?v=8mjcnxGMwFo,Lagrange Multipliers,Optimization,Constrained Optimization,word2vec_glove_raw,1,Area of a region between two or more curves,1.0,,,,
7,8mjcnxGMwFo,https://www.youtube.com/watch?v=8mjcnxGMwFo,Lagrange Multipliers,Optimization,Constrained Optimization,word2vec_glove_raw,2,Modulus of a complex number,0.96368,,,,
7,8mjcnxGMwFo,https://www.youtube.com/watch?v=8mjcnxGMwFo,Lagrange Multipliers,Optimization,Constrained Optimization,word2vec_glove_raw,3,Center of mass of a 1D object,0.954998,,,,
7,8mjcnxGMwFo,https://www.youtube.com/watch?v=8mjcnxGMwFo,Lagrange Multipliers,Optimization,Constrained Optimization,word2vec_glove_raw,4,Instantaneous rate of change,0.894567,,,,
7,8mjcnxGMwFo,https://www.youtube.com/watch?v=8mjcnxGMwFo,Lagrange Multipliers,Optimization,Constrained Optimization,word2vec_glove_raw,5,Volume of a solid of revolution,0.861905,,,,
7,8mjcnxGMwFo,https://www.youtube.com/watch?v=8mjcnxGMwFo,Lagrange Multipliers,Optimization,Constrained Optimization,word2vec_vlm_hybrid,1,Lagrange multipliers,0.860715,0.42673,0.690477,1.0,1
7,8mjcnxGMwFo,https://www.youtube.com/watch?v=8mjcnxGMwFo,Lagrange Multipliers,Optimization,Constrained Optimization,word2vec_vlm_hybrid,2,Constrained optimization,0.829385,0.395885,0.640568,0.983871,2
7,8mjcnxGMwFo,https://www.youtube.com/watch?v=8mjcnxGMwFo,Lagrange Multipliers,Optimization,Constrained Optimization,word2vec_vlm_hybrid,3,Maximum,0.778354,0.360101,0.582667,0.938462,5
7,8mjcnxGMwFo,https://www.youtube.com/watch?v=8mjcnxGMwFo,Lagrange Multipliers,Optimization,Constrained Optimization,word2vec_vlm_hybrid,4,Optimization,0.772746,0.329895,0.533792,0.968254,3
7,8mjcnxGMwFo,https://www.youtube.com/watch?v=8mjcnxGMwFo,Lagrange Multipliers,Optimization,Constrained Optimization,word2vec_vlm_hybrid,5,Minimum,0.768799,0.335902,0.543511,0.953125,4
7,8mjcnxGMwFo,https://www.youtube.com/watch?v=8mjcnxGMwFo,Lagrange Multipliers,Optimization,Constrained Optimization,glove_vlm_hybrid,1,Minimum,0.829718,0.456336,0.678887,0.953125,4
7,8mjcnxGMwFo,https://www.youtube.com/watch?v=8mjcnxGMwFo,Lagrange Multipliers,Optimization,Constrained Optimization,glove_vlm_hybrid,2,Maximum,0.825139,0.465116,0.686635,0.938462,5
7,8mjcnxGMwFo,https://www.youtube.com/watch?v=8mjcnxGMwFo,Lagrange Multipliers,Optimization,Constrained Optimization,glove_vlm_hybrid,3,Constrained optimization,0.788234,0.30928,0.549122,0.983871,2
7,8mjcnxGMwFo,https://www.youtube.com/watch?v=8mjcnxGMwFo,Lagrange Multipliers,Optimization,Constrained Optimization,glove_vlm_hybrid,4,Optimization,0.757946,0.254636,0.500903,0.968254,3
7,8mjcnxGMwFo,https://www.youtube.com/watch?v=8mjcnxGMwFo,Lagrange Multipliers,Optimization,Constrained Optimization,glove_vlm_hybrid,5,Lagrange multipliers,0.710121,0.090225,0.355824,1.0,1
7,8mjcnxGMwFo,https://www.youtube.com/watch?v=8mjcnxGMwFo,Lagrange Multipliers,Optimization,Constrained Optimization,word2vec_glove_vlm_hybrid,1,Constrained optimization,0.793003,0.594845,0.559719,0.983871,2
7,8mjcnxGMwFo,https://www.youtube.com/watch?v=8mjcnxGMwFo,Lagrange Multipliers,Optimization,Constrained Optimization,word2vec_glove_vlm_hybrid,2,Maximum,0.787493,0.634651,0.602976,0.938462,5
7,8mjcnxGMwFo,https://www.youtube.com/watch?v=8mjcnxGMwFo,Lagrange Multipliers,Optimization,Constrained Optimization,word2vec_glove_vlm_hybrid,3,Minimum,0.78409,0.611199,0.577491,0.953125,4
7,8mjcnxGMwFo,https://www.youtube.com/watch?v=8mjcnxGMwFo,Lagrange Multipliers,Optimization,Constrained Optimization,word2vec_glove_vlm_hybrid,4,Lagrange multipliers,0.766814,0.52315,0.481808,1.0,1
7,8mjcnxGMwFo,https://www.youtube.com/watch?v=8mjcnxGMwFo,Lagrange Multipliers,Optimization,Constrained Optimization,word2vec_glove_vlm_hybrid,5,Optimization,0.746516,0.517347,0.475502,0.968254,3
8,LVLuqNH5iWw,https://www.youtube.com/watch?v=LVLuqNH5iWw,Local Extrema of a Multivariable Function,Differentiation,Extrema and Concavity,word2vec_raw,1,Modulus of a complex number,0.636457,,,,
8,LVLuqNH5iWw,https://www.youtube.com/watch?v=LVLuqNH5iWw,Local Extrema of a Multivariable Function,Differentiation,Extrema and Concavity,word2vec_raw,2,Area of a region between two or more curves,0.626335,,,,
8,LVLuqNH5iWw,https://www.youtube.com/watch?v=LVLuqNH5iWw,Local Extrema of a Multivariable Function,Differentiation,Extrema and Concavity,word2vec_raw,3,Center of mass of a 1D object,0.589774,,,,
8,LVLuqNH5iWw,https://www.youtube.com/watch?v=LVLuqNH5iWw,Local Extrema of a Multivariable Function,Differentiation,Extrema and Concavity,word2vec_raw,4,Volume of a solid of revolution,0.509274,,,,
8,LVLuqNH5iWw,https://www.youtube.com/watch?v=LVLuqNH5iWw,Local Extrema of a Multivariable Function,Differentiation,Extrema and Concavity,word2vec_raw,5,Instantaneous rate of change,0.495826,,,,
8,LVLuqNH5iWw,https://www.youtube.com/watch?v=LVLuqNH5iWw,Local Extrema of a Multivariable Function,Differentiation,Extrema and Concavity,glove_raw,1,Area of a region between two or more curves,0.838191,,,,
8,LVLuqNH5iWw,https://www.youtube.com/watch?v=LVLuqNH5iWw,Local Extrema of a Multivariable Function,Differentiation,Extrema and Concavity,glove_raw,2,Center of mass of a 1D object,0.779921,,,,
8,LVLuqNH5iWw,https://www.youtube.com/watch?v=LVLuqNH5iWw,Local Extrema of a Multivariable Function,Differentiation,Extrema and Concavity,glove_raw,3,Regions in the complex plane,0.768075,,,,
8,LVLuqNH5iWw,https://www.youtube.com/watch?v=LVLuqNH5iWw,Local Extrema of a Multivariable Function,Differentiation,Extrema and Concavity,glove_raw,4,Volume of a solid of revolution,0.767982,,,,
8,LVLuqNH5iWw,https://www.youtube.com/watch?v=LVLuqNH5iWw,Local Extrema of a Multivariable Function,Differentiation,Extrema and Concavity,glove_raw,5,Modulus of a complex number,0.739112,,,,
8,LVLuqNH5iWw,https://www.youtube.com/watch?v=LVLuqNH5iWw,Local Extrema of a Multivariable Function,Differentiation,Extrema and Concavity,word2vec_glove_raw,1,Area of a region between two or more curves,0.992048,,,,
8,LVLuqNH5iWw,https://www.youtube.com/watch?v=LVLuqNH5iWw,Local Extrema of a Multivariable Function,Differentiation,Extrema and Concavity,word2vec_glove_raw,2,Modulus of a complex number,0.957636,,,,
8,LVLuqNH5iWw,https://www.youtube.com/watch?v=LVLuqNH5iWw,Local Extrema of a Multivariable Function,Differentiation,Extrema and Concavity,word2vec_glove_raw,3,Center of mass of a 1D object,0.938411,,,,
8,LVLuqNH5iWw,https://www.youtube.com/watch?v=LVLuqNH5iWw,Local Extrema of a Multivariable Function,Differentiation,Extrema and Concavity,word2vec_glove_raw,4,Volume of a solid of revolution,0.870066,,,,
8,LVLuqNH5iWw,https://www.youtube.com/watch?v=LVLuqNH5iWw,Local Extrema of a Multivariable Function,Differentiation,Extrema and Concavity,word2vec_glove_raw,5,Powers of complex numbers,0.834179,,,,
8,LVLuqNH5iWw,https://www.youtube.com/watch?v=LVLuqNH5iWw,Local Extrema of a Multivariable Function,Differentiation,Extrema and Concavity,word2vec_vlm_hybrid,1,Second derivative test,0.856779,0.458588,0.720533,0.968254,3
8,LVLuqNH5iWw,https://www.youtube.com/watch?v=LVLuqNH5iWw,Local Extrema of a Multivariable Function,Differentiation,Extrema and Concavity,word2vec_vlm_hybrid,2,Local maximum,0.816986,0.377611,0.593302,1.0,1
8,LVLuqNH5iWw,https://www.youtube.com/watch?v=LVLuqNH5iWw,Local Extrema of a Multivariable Function,Differentiation,Extrema and Concavity,word2vec_vlm_hybrid,3,Local minimum,0.810118,0.380444,0.597753,0.983871,2
8,LVLuqNH5iWw,https://www.youtube.com/watch?v=LVLuqNH5iWw,Local Extrema of a Multivariable Function,Differentiation,Extrema and Concavity,word2vec_vlm_hybrid,4,Critical point,0.809351,0.403276,0.633626,0.953125,4
8,LVLuqNH5iWw,https://www.youtube.com/watch?v=LVLuqNH5iWw,Local Extrema of a Multivariable Function,Differentiation,Extrema and Concavity,word2vec_vlm_hybrid,5,Saddle point,0.69909,0.258735,0.406524,0.938462,5
8,LVLuqNH5iWw,https://www.youtube.com/watch?v=LVLuqNH5iWw,Local Extrema of a Multivariable Function,Differentiation,Extrema and Concavity,glove_vlm_hybrid,1,Critical point,0.913419,0.680196,0.864891,0.953125,4
8,LVLuqNH5iWw,https://www.youtube.com/watch?v=LVLuqNH5iWw,Local Extrema of a Multivariable Function,Differentiation,Extrema and Concavity,glove_vlm_hybrid,2,Second derivative test,0.912158,0.655296,0.843597,0.968254,3
8,LVLuqNH5iWw,https://www.youtube.com/watch?v=LVLuqNH5iWw,Local Extrema of a Multivariable Function,Differentiation,Extrema and Concavity,glove_vlm_hybrid,3,Local maximum,0.910344,0.605209,0.800765,1.0,1
8,LVLuqNH5iWw,https://www.youtube.com/watch?v=LVLuqNH5iWw,Local Extrema of a Multivariable Function,Differentiation,Extrema and Concavity,glove_vlm_hybrid,4,Local minimum,0.897902,0.595929,0.79283,0.983871,2
8,LVLuqNH5iWw,https://www.youtube.com/watch?v=LVLuqNH5iWw,Local Extrema of a Multivariable Function,Differentiation,Extrema and Concavity,glove_vlm_hybrid,5,Saddle point,0.793355,0.389151,0.616003,0.938462,5
8,LVLuqNH5iWw,https://www.youtube.com/watch?v=LVLuqNH5iWw,Local Extrema of a Multivariable Function,Differentiation,Extrema and Concavity,word2vec_glove_vlm_hybrid,1,Second derivative test,0.880702,0.782065,0.773693,0.968254,3
8,LVLuqNH5iWw,https://www.youtube.com/watch?v=LVLuqNH5iWw,Local Extrema of a Multivariable Function,Differentiation,Extrema and Concavity,word2vec_glove_vlm_hybrid,2,Local maximum,0.856923,0.697034,0.682052,1.0,1
8,LVLuqNH5iWw,https://www.youtube.com/watch?v=LVLuqNH5iWw,Local Extrema of a Multivariable Function,Differentiation,Extrema and Concavity,word2vec_glove_vlm_hybrid,3,Critical point,0.85647,0.749258,0.738336,0.953125,4
8,LVLuqNH5iWw,https://www.youtube.com/watch?v=LVLuqNH5iWw,Local Extrema of a Multivariable Function,Differentiation,Extrema and Concavity,word2vec_glove_vlm_hybrid,4,Local minimum,0.847207,0.695291,0.680173,0.983871,2
8,LVLuqNH5iWw,https://www.youtube.com/watch?v=LVLuqNH5iWw,Local Extrema of a Multivariable Function,Differentiation,Extrema and Concavity,word2vec_glove_vlm_hybrid,5,Saddle point,0.732982,0.511264,0.48184,0.938462,5
9,vwUV2IDLP8Q,https://www.youtube.com/watch?v=vwUV2IDLP8Q,Constrained Optimization,Optimization,Constrained Optimization,word2vec_raw,1,Multi-objective optimization,0.563258,,,,
9,vwUV2IDLP8Q,https://www.youtube.com/watch?v=vwUV2IDLP8Q,Constrained Optimization,Optimization,Constrained Optimization,word2vec_raw,2,Unconstrained optimization,0.543066,,,,
9,vwUV2IDLP8Q,https://www.youtube.com/watch?v=vwUV2IDLP8Q,Constrained Optimization,Optimization,Constrained Optimization,word2vec_raw,3,Area of a region between two or more curves,0.541779,,,,
9,vwUV2IDLP8Q,https://www.youtube.com/watch?v=vwUV2IDLP8Q,Constrained Optimization,Optimization,Constrained Optimization,word2vec_raw,4,Constrained optimization,0.541755,,,,
9,vwUV2IDLP8Q,https://www.youtube.com/watch?v=vwUV2IDLP8Q,Constrained Optimization,Optimization,Constrained Optimization,word2vec_raw,5,Modulus of a complex number,0.528553,,,,
9,vwUV2IDLP8Q,https://www.youtube.com/watch?v=vwUV2IDLP8Q,Constrained Optimization,Optimization,Constrained Optimization,glove_raw,1,Area of a region between two or more curves,0.769786,,,,
9,vwUV2IDLP8Q,https://www.youtube.com/watch?v=vwUV2IDLP8Q,Constrained Optimization,Optimization,Constrained Optimization,glove_raw,2,Center of mass of a 1D object,0.753939,,,,
9,vwUV2IDLP8Q,https://www.youtube.com/watch?v=vwUV2IDLP8Q,Constrained Optimization,Optimization,Constrained Optimization,glove_raw,3,Modulus of a complex number,0.721207,,,,
9,vwUV2IDLP8Q,https://www.youtube.com/watch?v=vwUV2IDLP8Q,Constrained Optimization,Optimization,Constrained Optimization,glove_raw,4,Area of a planar region,0.694832,,,,
9,vwUV2IDLP8Q,https://www.youtube.com/watch?v=vwUV2IDLP8Q,Constrained Optimization,Optimization,Constrained Optimization,glove_raw,5,Regions in the complex plane,0.69376,,,,
9,vwUV2IDLP8Q,https://www.youtube.com/watch?v=vwUV2IDLP8Q,Constrained Optimization,Optimization,Constrained Optimization,word2vec_glove_raw,1,Area of a region between two or more curves,0.980933,,,,
9,vwUV2IDLP8Q,https://www.youtube.com/watch?v=vwUV2IDLP8Q,Constrained Optimization,Optimization,Constrained Optimization,word2vec_glove_raw,2,Center of mass of a 1D object,0.948048,,,,
9,vwUV2IDLP8Q,https://www.youtube.com/watch?v=vwUV2IDLP8Q,Constrained Optimization,Optimization,Constrained Optimization,word2vec_glove_raw,3,Modulus of a complex number,0.944918,,,,
9,vwUV2IDLP8Q,https://www.youtube.com/watch?v=vwUV2IDLP8Q,Constrained Optimization,Optimization,Constrained Optimization,word2vec_glove_raw,4,Increasing function,0.890317,,,,
9,vwUV2IDLP8Q,https://www.youtube.com/watch?v=vwUV2IDLP8Q,Constrained Optimization,Optimization,Constrained Optimization,word2vec_glove_raw,5,Multi-objective optimization,0.889241,,,,
9,vwUV2IDLP8Q,https://www.youtube.com/watch?v=vwUV2IDLP8Q,Constrained Optimization,Optimization,Constrained Optimization,word2vec_vlm_hybrid,1,Constrained optimization,0.982821,0.541755,0.961824,1.0,1
9,vwUV2IDLP8Q,https://www.youtube.com/watch?v=vwUV2IDLP8Q,Constrained Optimization,Optimization,Constrained Optimization,word2vec_vlm_hybrid,2,Optimization,0.899965,0.44915,0.797414,0.983871,2
9,vwUV2IDLP8Q,https://www.youtube.com/watch?v=vwUV2IDLP8Q,Constrained Optimization,Optimization,Constrained Optimization,word2vec_vlm_hybrid,3,Feasible set,0.817674,0.367313,0.652122,0.953125,4
9,vwUV2IDLP8Q,https://www.youtube.com/watch?v=vwUV2IDLP8Q,Constrained Optimization,Optimization,Constrained Optimization,word2vec_vlm_hybrid,4,Lagrange multipliers,0.759853,0.284524,0.50514,0.968254,3
9,vwUV2IDLP8Q,https://www.youtube.com/watch?v=vwUV2IDLP8Q,Constrained Optimization,Optimization,Constrained Optimization,word2vec_vlm_hybrid,5,Maximum,0.752,0.295205,0.524103,0.938462,5
9,vwUV2IDLP8Q,https://www.youtube.com/watch?v=vwUV2IDLP8Q,Constrained Optimization,Optimization,Constrained Optimization,glove_vlm_hybrid,1,Feasible set,0.868067,0.533752,0.764107,0.953125,4
9,vwUV2IDLP8Q,https://www.youtube.com/watch?v=vwUV2IDLP8Q,Constrained Optimization,Optimization,Constrained Optimization,glove_vlm_hybrid,2,Constrained optimization,0.843107,0.420927,0.651349,1.0,1
9,vwUV2IDLP8Q,https://www.youtube.com/watch?v=vwUV2IDLP8Q,Constrained Optimization,Optimization,Constrained Optimization,glove_vlm_hybrid,3,Optimization,0.808177,0.362982,0.593439,0.983871,2
9,vwUV2IDLP8Q,https://www.youtube.com/watch?v=vwUV2IDLP8Q,Constrained Optimization,Optimization,Constrained Optimization,glove_vlm_hybrid,4,Maximum,0.805893,0.413437,0.643864,0.938462,5
9,vwUV2IDLP8Q,https://www.youtube.com/watch?v=vwUV2IDLP8Q,Constrained Optimization,Optimization,Constrained Optimization,glove_vlm_hybrid,5,Lagrange multipliers,0.65924,0.050912,0.281556,0.968254,3
9,vwUV2IDLP8Q,https://www.youtube.com/watch?v=vwUV2IDLP8Q,Constrained Optimization,Optimization,Constrained Optimization,word2vec_glove_vlm_hybrid,1,Constrained optimization,0.912572,0.806587,0.805717,1.0,1
9,vwUV2IDLP8Q,https://www.youtube.com/watch?v=vwUV2IDLP8Q,Constrained Optimization,Optimization,Constrained Optimization,word2vec_glove_vlm_hybrid,2,Optimization,0.847959,0.695427,0.681845,0.983871,2
9,vwUV2IDLP8Q,https://www.youtube.com/watch?v=vwUV2IDLP8Q,Constrained Optimization,Optimization,Constrained Optimization,word2vec_glove_vlm_hybrid,3,Feasible set,0.837411,0.708115,0.695984,0.953125,4
9,vwUV2IDLP8Q,https://www.youtube.com/watch?v=vwUV2IDLP8Q,Constrained Optimization,Optimization,Constrained Optimization,word2vec_glove_vlm_hybrid,4,Maximum,0.767099,0.583983,0.557657,0.938462,5
9,vwUV2IDLP8Q,https://www.youtube.com/watch?v=vwUV2IDLP8Q,Constrained Optimization,Optimization,Constrained Optimization,word2vec_glove_vlm_hybrid,5,Lagrange multipliers,0.687889,0.393348,0.345222,0.968254,3
10,kv8pMEALdWo,https://www.youtube.com/watch?v=kv8pMEALdWo,Introduction to Kuhn-Tucker Conditions,Optimization,Constrained Optimization,word2vec_raw,1,Area of a region between two or more curves,0.519644,,,,
10,kv8pMEALdWo,https://www.youtube.com/watch?v=kv8pMEALdWo,Introduction to Kuhn-Tucker Conditions,Optimization,Constrained Optimization,word2vec_raw,2,Powers of complex numbers,0.485184,,,,
10,kv8pMEALdWo,https://www.youtube.com/watch?v=kv8pMEALdWo,Introduction to Kuhn-Tucker Conditions,Optimization,Constrained Optimization,word2vec_raw,3,Modulus of a complex number,0.479635,,,,
10,kv8pMEALdWo,https://www.youtube.com/watch?v=kv8pMEALdWo,Introduction to Kuhn-Tucker Conditions,Optimization,Constrained Optimization,word2vec_raw,4,Equations involving complex numbers,0.464906,,,,
10,kv8pMEALdWo,https://www.youtube.com/watch?v=kv8pMEALdWo,Introduction to Kuhn-Tucker Conditions,Optimization,Constrained Optimization,word2vec_raw,5,Multi-objective optimization,0.448125,,,,
10,kv8pMEALdWo,https://www.youtube.com/watch?v=kv8pMEALdWo,Introduction to Kuhn-Tucker Conditions,Optimization,Constrained Optimization,glove_raw,1,Area of a region between two or more curves,0.778462,,,,
10,kv8pMEALdWo,https://www.youtube.com/watch?v=kv8pMEALdWo,Introduction to Kuhn-Tucker Conditions,Optimization,Constrained Optimization,glove_raw,2,Regions in the complex plane,0.716102,,,,
10,kv8pMEALdWo,https://www.youtube.com/watch?v=kv8pMEALdWo,Introduction to Kuhn-Tucker Conditions,Optimization,Constrained Optimization,glove_raw,3,Volume of a solid of revolution,0.703982,,,,
10,kv8pMEALdWo,https://www.youtube.com/watch?v=kv8pMEALdWo,Introduction to Kuhn-Tucker Conditions,Optimization,Constrained Optimization,glove_raw,4,Powers of complex numbers,0.694459,,,,
10,kv8pMEALdWo,https://www.youtube.com/watch?v=kv8pMEALdWo,Introduction to Kuhn-Tucker Conditions,Optimization,Constrained Optimization,glove_raw,5,Operations with complex numbers,0.693223,,,,
10,kv8pMEALdWo,https://www.youtube.com/watch?v=kv8pMEALdWo,Introduction to Kuhn-Tucker Conditions,Optimization,Constrained Optimization,word2vec_glove_raw,1,Area of a region between two or more curves,1.0,,,,
10,kv8pMEALdWo,https://www.youtube.com/watch?v=kv8pMEALdWo,Introduction to Kuhn-Tucker Conditions,Optimization,Constrained Optimization,word2vec_glove_raw,2,Powers of complex numbers,0.928726,,,,
10,kv8pMEALdWo,https://www.youtube.com/watch?v=kv8pMEALdWo,Introduction to Kuhn-Tucker Conditions,Optimization,Constrained Optimization,word2vec_glove_raw,3,Modulus of a complex number,0.901464,,,,
10,kv8pMEALdWo,https://www.youtube.com/watch?v=kv8pMEALdWo,Introduction to Kuhn-Tucker Conditions,Optimization,Constrained Optimization,word2vec_glove_raw,4,Operations with complex numbers,0.884578,,,,
10,kv8pMEALdWo,https://www.youtube.com/watch?v=kv8pMEALdWo,Introduction to Kuhn-Tucker Conditions,Optimization,Constrained Optimization,word2vec_glove_raw,5,Center of mass of a 1D object,0.878176,,,,
10,kv8pMEALdWo,https://www.youtube.com/watch?v=kv8pMEALdWo,Introduction to Kuhn-Tucker Conditions,Optimization,Constrained Optimization,word2vec_vlm_hybrid,1,KKT conditions,0.909731,0.435567,0.838203,0.968254,3
10,kv8pMEALdWo,https://www.youtube.com/watch?v=kv8pMEALdWo,Introduction to Kuhn-Tucker Conditions,Optimization,Constrained Optimization,word2vec_vlm_hybrid,2,Constrained optimization,0.891561,0.394422,0.759023,1.0,1
10,kv8pMEALdWo,https://www.youtube.com/watch?v=kv8pMEALdWo,Introduction to Kuhn-Tucker Conditions,Optimization,Constrained Optimization,word2vec_vlm_hybrid,3,Optimal solution,0.857996,0.385434,0.741727,0.953125,4
10,kv8pMEALdWo,https://www.youtube.com/watch?v=kv8pMEALdWo,Introduction to Kuhn-Tucker Conditions,Optimization,Constrained Optimization,word2vec_vlm_hybrid,4,Optimization,0.823197,0.325722,0.626818,0.983871,2
10,kv8pMEALdWo,https://www.youtube.com/watch?v=kv8pMEALdWo,Introduction to Kuhn-Tucker Conditions,Optimization,Constrained Optimization,word2vec_vlm_hybrid,5,Lagrange multipliers,0.747386,0.267019,0.51385,0.938462,5
10,kv8pMEALdWo,https://www.youtube.com/watch?v=kv8pMEALdWo,Introduction to Kuhn-Tucker Conditions,Optimization,Constrained Optimization,glove_vlm_hybrid,1,KKT conditions,0.90372,0.585455,0.824845,0.968254,3
10,kv8pMEALdWo,https://www.youtube.com/watch?v=kv8pMEALdWo,Introduction to Kuhn-Tucker Conditions,Optimization,Constrained Optimization,glove_vlm_hybrid,2,Optimal solution,0.864197,0.50905,0.755507,0.953125,4
10,kv8pMEALdWo,https://www.youtube.com/watch?v=kv8pMEALdWo,Introduction to Kuhn-Tucker Conditions,Optimization,Constrained Optimization,glove_vlm_hybrid,3,Constrained optimization,0.796931,0.281203,0.548735,1.0,1
10,kv8pMEALdWo,https://www.youtube.com/watch?v=kv8pMEALdWo,Introduction to Kuhn-Tucker Conditions,Optimization,Constrained Optimization,glove_vlm_hybrid,4,Optimization,0.766694,0.228885,0.501256,0.983871,2
10,kv8pMEALdWo,https://www.youtube.com/watch?v=kv8pMEALdWo,Introduction to Kuhn-Tucker Conditions,Optimization,Constrained Optimization,glove_vlm_hybrid,5,Lagrange multipliers,0.611605,-0.089727,0.212114,0.938462,5
10,kv8pMEALdWo,https://www.youtube.com/watch?v=kv8pMEALdWo,Introduction to Kuhn-Tucker Conditions,Optimization,Constrained Optimization,word2vec_glove_vlm_hybrid,1,KKT conditions,0.902458,0.831524,0.82204,0.968254,3
10,kv8pMEALdWo,https://www.youtube.com/watch?v=kv8pMEALdWo,Introduction to Kuhn-Tucker Conditions,Optimization,Constrained Optimization,word2vec_glove_vlm_hybrid,2,Optimal solution,0.854729,0.748617,0.734466,0.953125,4
10,kv8pMEALdWo,https://www.youtube.com/watch?v=kv8pMEALdWo,Introduction to Kuhn-Tucker Conditions,Optimization,Constrained Optimization,word2vec_glove_vlm_hybrid,3,Constrained optimization,0.835478,0.653879,0.634395,1.0,1
10,kv8pMEALdWo,https://www.youtube.com/watch?v=kv8pMEALdWo,Introduction to Kuhn-Tucker Conditions,Optimization,Constrained Optimization,word2vec_glove_vlm_hybrid,4,Optimization,0.783902,0.564037,0.539496,0.983871,2
10,kv8pMEALdWo,https://www.youtube.com/watch?v=kv8pMEALdWo,Introduction to Kuhn-Tucker Conditions,Optimization,Constrained Optimization,word2vec_glove_vlm_hybrid,5,Lagrange multipliers,0.663359,0.362982,0.327123,0.938462,5
11,QqAPCIIdx-E,https://www.youtube.com/watch?v=QqAPCIIdx-E,Derivative using Chain and Product Rules,Differentiation,Derivative Rules,word2vec_raw,1,Area of a region between two or more curves,0.632075,,,,
11,QqAPCIIdx-E,https://www.youtube.com/watch?v=QqAPCIIdx-E,Derivative using Chain and Product Rules,Differentiation,Derivative Rules,word2vec_raw,2,Modulus of a complex number,0.592564,,,,
11,QqAPCIIdx-E,https://www.youtube.com/watch?v=QqAPCIIdx-E,Derivative using Chain and Product Rules,Differentiation,Derivative Rules,word2vec_raw,3,Center of mass of a 1D object,0.556597,,,,
11,QqAPCIIdx-E,https://www.youtube.com/watch?v=QqAPCIIdx-E,Derivative using Chain and Product Rules,Differentiation,Derivative Rules,word2vec_raw,4,Volume of a solid of revolution,0.511364,,,,
11,QqAPCIIdx-E,https://www.youtube.com/watch?v=QqAPCIIdx-E,Derivative using Chain and Product Rules,Differentiation,Derivative Rules,word2vec_raw,5,Instantaneous rate of change,0.474857,,,,
11,QqAPCIIdx-E,https://www.youtube.com/watch?v=QqAPCIIdx-E,Derivative using Chain and Product Rules,Differentiation,Derivative Rules,glove_raw,1,Area of a region between two or more curves,0.868282,,,,
11,QqAPCIIdx-E,https://www.youtube.com/watch?v=QqAPCIIdx-E,Derivative using Chain and Product Rules,Differentiation,Derivative Rules,glove_raw,2,Volume of a solid of revolution,0.79163,,,,
11,QqAPCIIdx-E,https://www.youtube.com/watch?v=QqAPCIIdx-E,Derivative using Chain and Product Rules,Differentiation,Derivative Rules,glove_raw,3,Center of mass of a 1D object,0.787155,,,,
11,QqAPCIIdx-E,https://www.youtube.com/watch?v=QqAPCIIdx-E,Derivative using Chain and Product Rules,Differentiation,Derivative Rules,glove_raw,4,Regions in the complex plane,0.780667,,,,
11,QqAPCIIdx-E,https://www.youtube.com/watch?v=QqAPCIIdx-E,Derivative using Chain and Product Rules,Differentiation,Derivative Rules,glove_raw,5,Powers of i,0.754867,,,,
11,QqAPCIIdx-E,https://www.youtube.com/watch?v=QqAPCIIdx-E,Derivative using Chain and Product Rules,Differentiation,Derivative Rules,word2vec_glove_raw,1,Area of a region between two or more curves,1.0,,,,
11,QqAPCIIdx-E,https://www.youtube.com/watch?v=QqAPCIIdx-E,Derivative using Chain and Product Rules,Differentiation,Derivative Rules,word2vec_glove_raw,2,Modulus of a complex number,0.913093,,,,
11,QqAPCIIdx-E,https://www.youtube.com/watch?v=QqAPCIIdx-E,Derivative using Chain and Product Rules,Differentiation,Derivative Rules,word2vec_glove_raw,3,Center of mass of a 1D object,0.907165,,,,
11,QqAPCIIdx-E,https://www.youtube.com/watch?v=QqAPCIIdx-E,Derivative using Chain and Product Rules,Differentiation,Derivative Rules,word2vec_glove_raw,4,Volume of a solid of revolution,0.873211,,,,
11,QqAPCIIdx-E,https://www.youtube.com/watch?v=QqAPCIIdx-E,Derivative using Chain and Product Rules,Differentiation,Derivative Rules,word2vec_glove_raw,5,Powers of complex numbers,0.826024,,,,
11,QqAPCIIdx-E,https://www.youtube.com/watch?v=QqAPCIIdx-E,Derivative using Chain and Product Rules,Differentiation,Derivative Rules,word2vec_vlm_hybrid,1,Chain rule,0.845942,0.415684,0.65765,1.0,1
11,QqAPCIIdx-E,https://www.youtube.com/watch?v=QqAPCIIdx-E,Derivative using Chain and Product Rules,Differentiation,Derivative Rules,word2vec_vlm_hybrid,2,Product rule,0.839558,0.419176,0.663174,0.983871,2
11,QqAPCIIdx-E,https://www.youtube.com/watch?v=QqAPCIIdx-E,Derivative using Chain and Product Rules,Differentiation,Derivative Rules,word2vec_vlm_hybrid,3,Trigonometric rules,0.828332,0.427161,0.675807,0.953125,4
11,QqAPCIIdx-E,https://www.youtube.com/watch?v=QqAPCIIdx-E,Derivative using Chain and Product Rules,Differentiation,Derivative Rules,word2vec_vlm_hybrid,4,Power rule,0.793272,0.366227,0.579404,0.968254,3
11,QqAPCIIdx-E,https://www.youtube.com/watch?v=QqAPCIIdx-E,Derivative using Chain and Product Rules,Differentiation,Derivative Rules,word2vec_vlm_hybrid,5,Trigonometric functions,0.779977,0.370569,0.586274,0.938462,5
11,QqAPCIIdx-E,https://www.youtube.com/watch?v=QqAPCIIdx-E,Derivative using Chain and Product Rules,Differentiation,Derivative Rules,glove_vlm_hybrid,1,Product rule,0.932493,0.708738,0.869698,0.983871,2
11,QqAPCIIdx-E,https://www.youtube.com/watch?v=QqAPCIIdx-E,Derivative using Chain and Product Rules,Differentiation,Derivative Rules,glove_vlm_hybrid,2,Chain rule,0.903076,0.60456,0.784614,1.0,1
11,QqAPCIIdx-E,https://www.youtube.com/watch?v=QqAPCIIdx-E,Derivative using Chain and Product Rules,Differentiation,Derivative Rules,glove_vlm_hybrid,3,Power rule,0.88763,0.610041,0.78909,0.968254,3
11,QqAPCIIdx-E,https://www.youtube.com/watch?v=QqAPCIIdx-E,Derivative using Chain and Product Rules,Differentiation,Derivative Rules,glove_vlm_hybrid,4,Trigonometric rules,0.751838,0.263202,0.505821,0.953125,4
11,QqAPCIIdx-E,https://www.youtube.com/watch?v=QqAPCIIdx-E,Derivative using Chain and Product Rules,Differentiation,Derivative Rules,glove_vlm_hybrid,5,Trigonometric functions,0.715729,0.186897,0.443501,0.938462,5
11,QqAPCIIdx-E,https://www.youtube.com/watch?v=QqAPCIIdx-E,Derivative using Chain and Product Rules,Differentiation,Derivative Rules,word2vec_glove_vlm_hybrid,1,Product rule,0.880154,0.766436,0.753389,0.983871,2
11,QqAPCIIdx-E,https://www.youtube.com/watch?v=QqAPCIIdx-E,Derivative using Chain and Product Rules,Differentiation,Derivative Rules,word2vec_glove_vlm_hybrid,2,Chain rule,0.867499,0.721132,0.705554,1.0,1
11,QqAPCIIdx-E,https://www.youtube.com/watch?v=QqAPCIIdx-E,Derivative using Chain and Product Rules,Differentiation,Derivative Rules,word2vec_glove_vlm_hybrid,3,Power rule,0.832514,0.684247,0.666609,0.968254,3
11,QqAPCIIdx-E,https://www.youtube.com/watch?v=QqAPCIIdx-E,Derivative using Chain and Product Rules,Differentiation,Derivative Rules,word2vec_glove_vlm_hybrid,4,Trigonometric rules,0.779799,0.590814,0.567957,0.953125,4
11,QqAPCIIdx-E,https://www.youtube.com/watch?v=QqAPCIIdx-E,Derivative using Chain and Product Rules,Differentiation,Derivative Rules,word2vec_glove_vlm_hybrid,5,Trigonometric functions,0.735659,0.514887,0.487788,0.938462,5
12,QhB481jPAa4,https://www.youtube.com/watch?v=QhB481jPAa4,Differentiation of y = cos(ax),Differentiation,Derivative Rules,word2vec_raw,1,Area of a region between two or more curves,0.572299,,,,
12,QhB481jPAa4,https://www.youtube.com/watch?v=QhB481jPAa4,Differentiation of y = cos(ax),Differentiation,Derivative Rules,word2vec_raw,2,Modulus of a complex number,0.555859,,,,
12,QhB481jPAa4,https://www.youtube.com/watch?v=QhB481jPAa4,Differentiation of y = cos(ax),Differentiation,Derivative Rules,word2vec_raw,3,Center of mass of a 1D object,0.515318,,,,
12,QhB481jPAa4,https://www.youtube.com/watch?v=QhB481jPAa4,Differentiation of y = cos(ax),Differentiation,Derivative Rules,word2vec_raw,4,Volume of a solid of revolution,0.473828,,,,
12,QhB481jPAa4,https://www.youtube.com/watch?v=QhB481jPAa4,Differentiation of y = cos(ax),Differentiation,Derivative Rules,word2vec_raw,5,Instantaneous rate of change,0.472518,,,,
12,QhB481jPAa4,https://www.youtube.com/watch?v=QhB481jPAa4,Differentiation of y = cos(ax),Differentiation,Derivative Rules,glove_raw,1,Area of a region between two or more curves,0.820684,,,,
12,QhB481jPAa4,https://www.youtube.com/watch?v=QhB481jPAa4,Differentiation of y = cos(ax),Differentiation,Derivative Rules,glove_raw,2,Center of mass of a 1D object,0.775598,,,,
12,QhB481jPAa4,https://www.youtube.com/watch?v=QhB481jPAa4,Differentiation of y = cos(ax),Differentiation,Derivative Rules,glove_raw,3,Regions in the complex plane,0.757454,,,,
12,QhB481jPAa4,https://www.youtube.com/watch?v=QhB481jPAa4,Differentiation of y = cos(ax),Differentiation,Derivative Rules,glove_raw,4,Volume of a solid of revolution,0.747568,,,,
12,QhB481jPAa4,https://www.youtube.com/watch?v=QhB481jPAa4,Differentiation of y = cos(ax),Differentiation,Derivative Rules,glove_raw,5,Powers of complex numbers,0.746356,,,,
12,QhB481jPAa4,https://www.youtube.com/watch?v=QhB481jPAa4,Differentiation of y = cos(ax),Differentiation,Derivative Rules,word2vec_glove_raw,1,Area of a region between two or more curves,1.0,,,,
12,QhB481jPAa4,https://www.youtube.com/watch?v=QhB481jPAa4,Differentiation of y = cos(ax),Differentiation,Derivative Rules,word2vec_glove_raw,2,Modulus of a complex number,0.945024,,,,
12,QhB481jPAa4,https://www.youtube.com/watch?v=QhB481jPAa4,Differentiation of y = cos(ax),Differentiation,Derivative Rules,word2vec_glove_raw,3,Center of mass of a 1D object,0.930904,,,,
12,QhB481jPAa4,https://www.youtube.com/watch?v=QhB481jPAa4,Differentiation of y = cos(ax),Differentiation,Derivative Rules,word2vec_glove_raw,4,Volume of a solid of revolution,0.882649,,,,
12,QhB481jPAa4,https://www.youtube.com/watch?v=QhB481jPAa4,Differentiation of y = cos(ax),Differentiation,Derivative Rules,word2vec_glove_raw,5,Powers of complex numbers,0.848524,,,,
12,QhB481jPAa4,https://www.youtube.com/watch?v=QhB481jPAa4,Differentiation of y = cos(ax),Differentiation,Derivative Rules,word2vec_vlm_hybrid,1,Trigonometric rules,0.873535,0.422746,0.73868,0.983871,2
12,QhB481jPAa4,https://www.youtube.com/watch?v=QhB481jPAa4,Differentiation of y = cos(ax),Differentiation,Derivative Rules,word2vec_vlm_hybrid,2,Chain rule,0.836229,0.364019,0.636064,1.0,1
12,QhB481jPAa4,https://www.youtube.com/watch?v=QhB481jPAa4,Differentiation of y = cos(ax),Differentiation,Derivative Rules,word2vec_vlm_hybrid,3,Trigonometric functions,0.809755,0.363138,0.634525,0.953125,4
12,QhB481jPAa4,https://www.youtube.com/watch?v=QhB481jPAa4,Differentiation of y = cos(ax),Differentiation,Derivative Rules,word2vec_vlm_hybrid,4,Product rule,0.78476,0.320768,0.56049,0.968254,3
12,QhB481jPAa4,https://www.youtube.com/watch?v=QhB481jPAa4,Differentiation of y = cos(ax),Differentiation,Derivative Rules,word2vec_vlm_hybrid,5,Power rule,0.757157,0.306502,0.535563,0.938462,5
12,QhB481jPAa4,https://www.youtube.com/watch?v=QhB481jPAa4,Differentiation of y = cos(ax),Differentiation,Derivative Rules,glove_vlm_hybrid,1,Product rule,0.934781,0.696805,0.893869,0.968254,3
12,QhB481jPAa4,https://www.youtube.com/watch?v=QhB481jPAa4,Differentiation of y = cos(ax),Differentiation,Derivative Rules,glove_vlm_hybrid,2,Chain rule,0.91213,0.592763,0.804733,1.0,1
12,QhB481jPAa4,https://www.youtube.com/watch?v=QhB481jPAa4,Differentiation of y = cos(ax),Differentiation,Derivative Rules,glove_vlm_hybrid,3,Power rule,0.87686,0.589069,0.801569,0.938462,5
12,QhB481jPAa4,https://www.youtube.com/watch?v=QhB481jPAa4,Differentiation of y = cos(ax),Differentiation,Derivative Rules,glove_vlm_hybrid,4,Trigonometric rules,0.789603,0.297958,0.552165,0.983871,2
12,QhB481jPAa4,https://www.youtube.com/watch?v=QhB481jPAa4,Differentiation of y = cos(ax),Differentiation,Derivative Rules,glove_vlm_hybrid,5,Trigonometric functions,0.744395,0.224557,0.48928,0.953125,4
12,QhB481jPAa4,https://www.youtube.com/watch?v=QhB481jPAa4,Differentiation of y = cos(ax),Differentiation,Derivative Rules,word2vec_glove_vlm_hybrid,1,Chain rule,0.865552,0.720399,0.701226,1.0,1
12,QhB481jPAa4,https://www.youtube.com/watch?v=QhB481jPAa4,Differentiation of y = cos(ax),Differentiation,Derivative Rules,word2vec_glove_vlm_hybrid,2,Product rule,0.851352,0.72718,0.708472,0.968254,3
12,QhB481jPAa4,https://www.youtube.com/watch?v=QhB481jPAa4,Differentiation of y = cos(ax),Differentiation,Derivative Rules,word2vec_glove_vlm_hybrid,3,Trigonometric rules,0.820628,0.645423,0.621109,0.983871,2
12,QhB481jPAa4,https://www.youtube.com/watch?v=QhB481jPAa4,Differentiation of y = cos(ax),Differentiation,Derivative Rules,word2vec_glove_vlm_hybrid,4,Power rule,0.806781,0.668566,0.645839,0.938462,5
12,QhB481jPAa4,https://www.youtube.com/watch?v=QhB481jPAa4,Differentiation of y = cos(ax),Differentiation,Derivative Rules,word2vec_glove_vlm_hybrid,5,Trigonometric functions,0.763557,0.561903,0.531862,0.953125,4
13,JTDa2uZS2gI,https://www.youtube.com/watch?v=JTDa2uZS2gI,Calculating Partial Derivatives,Differentiation,Partial Derivatives,word2vec_raw,1,Trigonometric rules,0.582984,,,,
13,JTDa2uZS2gI,https://www.youtube.com/watch?v=JTDa2uZS2gI,Calculating Partial Derivatives,Differentiation,Partial Derivatives,word2vec_raw,2,Trigonometric functions,0.549351,,,,
13,JTDa2uZS2gI,https://www.youtube.com/watch?v=JTDa2uZS2gI,Calculating Partial Derivatives,Differentiation,Partial Derivatives,word2vec_raw,3,Modulus of a complex number,0.512991,,,,
13,JTDa2uZS2gI,https://www.youtube.com/watch?v=JTDa2uZS2gI,Calculating Partial Derivatives,Differentiation,Partial Derivatives,word2vec_raw,4,Right-endpoint approximation,0.509369,,,,
13,JTDa2uZS2gI,https://www.youtube.com/watch?v=JTDa2uZS2gI,Calculating Partial Derivatives,Differentiation,Partial Derivatives,word2vec_raw,5,Trigonometric form,0.498693,,,,
13,JTDa2uZS2gI,https://www.youtube.com/watch?v=JTDa2uZS2gI,Calculating Partial Derivatives,Differentiation,Partial Derivatives,glove_raw,1,Increasing function,0.706089,,,,
13,JTDa2uZS2gI,https://www.youtube.com/watch?v=JTDa2uZS2gI,Calculating Partial Derivatives,Differentiation,Partial Derivatives,glove_raw,2,Higher-order derivatives,0.695553,,,,
13,JTDa2uZS2gI,https://www.youtube.com/watch?v=JTDa2uZS2gI,Calculating Partial Derivatives,Differentiation,Partial Derivatives,glove_raw,3,Powers of complex numbers,0.693622,,,,
13,JTDa2uZS2gI,https://www.youtube.com/watch?v=JTDa2uZS2gI,Calculating Partial Derivatives,Differentiation,Partial Derivatives,glove_raw,4,Area of a region between two or more curves,0.683096,,,,
13,JTDa2uZS2gI,https://www.youtube.com/watch?v=JTDa2uZS2gI,Calculating Partial Derivatives,Differentiation,Partial Derivatives,glove_raw,5,Mean Value Theorem for Integrals,0.681648,,,,
13,JTDa2uZS2gI,https://www.youtube.com/watch?v=JTDa2uZS2gI,Calculating Partial Derivatives,Differentiation,Partial Derivatives,word2vec_glove_raw,1,Modulus of a complex number,0.924902,,,,
13,JTDa2uZS2gI,https://www.youtube.com/watch?v=JTDa2uZS2gI,Calculating Partial Derivatives,Differentiation,Partial Derivatives,word2vec_glove_raw,2,Increasing function,0.915562,,,,
13,JTDa2uZS2gI,https://www.youtube.com/watch?v=JTDa2uZS2gI,Calculating Partial Derivatives,Differentiation,Partial Derivatives,word2vec_glove_raw,3,Mean Value Theorem for Integrals,0.914552,,,,
13,JTDa2uZS2gI,https://www.youtube.com/watch?v=JTDa2uZS2gI,Calculating Partial Derivatives,Differentiation,Partial Derivatives,word2vec_glove_raw,4,Higher-order derivatives,0.899541,,,,
13,JTDa2uZS2gI,https://www.youtube.com/watch?v=JTDa2uZS2gI,Calculating Partial Derivatives,Differentiation,Partial Derivatives,word2vec_glove_raw,5,Instantaneous rate of change,0.88711,,,,
13,JTDa2uZS2gI,https://www.youtube.com/watch?v=JTDa2uZS2gI,Calculating Partial Derivatives,Differentiation,Partial Derivatives,word2vec_vlm_hybrid,1,Trigonometric rules,0.974219,0.582984,1.0,0.953125,4
13,JTDa2uZS2gI,https://www.youtube.com/watch?v=JTDa2uZS2gI,Calculating Partial Derivatives,Differentiation,Partial Derivatives,word2vec_vlm_hybrid,2,Derivative definition,0.871315,0.43889,0.752834,0.968254,3
13,JTDa2uZS2gI,https://www.youtube.com/watch?v=JTDa2uZS2gI,Calculating Partial Derivatives,Differentiation,Partial Derivatives,word2vec_vlm_hybrid,3,Constant rule,0.800557,0.336094,0.576506,0.983871,2
13,JTDa2uZS2gI,https://www.youtube.com/watch?v=JTDa2uZS2gI,Calculating Partial Derivatives,Differentiation,Partial Derivatives,word2vec_vlm_hybrid,4,Chain rule,0.790476,0.311542,0.534392,1.0,1
13,JTDa2uZS2gI,https://www.youtube.com/watch?v=JTDa2uZS2gI,Calculating Partial Derivatives,Differentiation,Partial Derivatives,word2vec_vlm_hybrid,5,Power rule,0.731894,0.279496,0.479423,0.938462,5
13,JTDa2uZS2gI,https://www.youtube.com/watch?v=JTDa2uZS2gI,Calculating Partial Derivatives,Differentiation,Partial Derivatives,glove_vlm_hybrid,1,Derivative definition,0.945611,0.626739,0.917935,0.968254,3
13,JTDa2uZS2gI,https://www.youtube.com/watch?v=JTDa2uZS2gI,Calculating Partial Derivatives,Differentiation,Partial Derivatives,glove_vlm_hybrid,2,Constant rule,0.92628,0.566746,0.85589,0.983871,2
13,JTDa2uZS2gI,https://www.youtube.com/watch?v=JTDa2uZS2gI,Calculating Partial Derivatives,Differentiation,Partial Derivatives,glove_vlm_hybrid,3,Chain rule,0.906569,0.505333,0.792376,1.0,1
13,JTDa2uZS2gI,https://www.youtube.com/watch?v=JTDa2uZS2gI,Calculating Partial Derivatives,Differentiation,Partial Derivatives,glove_vlm_hybrid,4,Power rule,0.878972,0.518761,0.806263,0.938462,5
13,JTDa2uZS2gI,https://www.youtube.com/watch?v=JTDa2uZS2gI,Calculating Partial Derivatives,Differentiation,Partial Derivatives,glove_vlm_hybrid,5,Trigonometric rules,0.85939,0.459354,0.744824,0.953125,4
13,JTDa2uZS2gI,https://www.youtube.com/watch?v=JTDa2uZS2gI,Calculating Partial Derivatives,Differentiation,Partial Derivatives,word2vec_glove_vlm_hybrid,1,Trigonometric rules,0.944662,0.872412,0.934318,0.953125,4
13,JTDa2uZS2gI,https://www.youtube.com/watch?v=JTDa2uZS2gI,Calculating Partial Derivatives,Differentiation,Partial Derivatives,word2vec_glove_vlm_hybrid,2,Derivative definition,0.932133,0.835385,0.887986,0.968254,3
13,JTDa2uZS2gI,https://www.youtube.com/watch?v=JTDa2uZS2gI,Calculating Partial Derivatives,Differentiation,Partial Derivatives,word2vec_glove_vlm_hybrid,3,Constant rule,0.873609,0.716198,0.738844,0.983871,2
13,JTDa2uZS2gI,https://www.youtube.com/watch?v=JTDa2uZS2gI,Calculating Partial Derivatives,Differentiation,Partial Derivatives,word2vec_glove_vlm_hybrid,4,Chain rule,0.852741,0.663384,0.672757,1.0,1
13,JTDa2uZS2gI,https://www.youtube.com/watch?v=JTDa2uZS2gI,Calculating Partial Derivatives,Differentiation,Partial Derivatives,word2vec_glove_vlm_hybrid,5,Power rule,0.807328,0.642843,0.647054,0.938462,5
14,TDHI-aieyfk,https://www.youtube.com/watch?v=TDHI-aieyfk,Derivatives of Common Functions,Differentiation,Derivatives,word2vec_raw,1,Trigonometric functions,0.622806,,,,
14,TDHI-aieyfk,https://www.youtube.com/watch?v=TDHI-aieyfk,Derivatives of Common Functions,Differentiation,Derivatives,word2vec_raw,2,Trigonometric form,0.58697,,,,
14,TDHI-aieyfk,https://www.youtube.com/watch?v=TDHI-aieyfk,Derivatives of Common Functions,Differentiation,Derivatives,word2vec_raw,3,Logarithmic rule,0.582596,,,,
14,TDHI-aieyfk,https://www.youtube.com/watch?v=TDHI-aieyfk,Derivatives of Common Functions,Differentiation,Derivatives,word2vec_raw,4,Modulus of a complex number,0.537976,,,,
14,TDHI-aieyfk,https://www.youtube.com/watch?v=TDHI-aieyfk,Derivatives of Common Functions,Differentiation,Derivatives,word2vec_raw,5,Direct integrals,0.531162,,,,
14,TDHI-aieyfk,https://www.youtube.com/watch?v=TDHI-aieyfk,Derivatives of Common Functions,Differentiation,Derivatives,glove_raw,1,Increasing function,0.712009,,,,
14,TDHI-aieyfk,https://www.youtube.com/watch?v=TDHI-aieyfk,Derivatives of Common Functions,Differentiation,Derivatives,glove_raw,2,Powers of complex numbers,0.69672,,,,
14,TDHI-aieyfk,https://www.youtube.com/watch?v=TDHI-aieyfk,Derivatives of Common Functions,Differentiation,Derivatives,glove_raw,3,Modulus of a complex number,0.693126,,,,
14,TDHI-aieyfk,https://www.youtube.com/watch?v=TDHI-aieyfk,Derivatives of Common Functions,Differentiation,Derivatives,glove_raw,4,Area of a region between two or more curves,0.684005,,,,
14,TDHI-aieyfk,https://www.youtube.com/watch?v=TDHI-aieyfk,Derivatives of Common Functions,Differentiation,Derivatives,glove_raw,5,Mean Value Theorem for Integrals,0.681456,,,,
14,TDHI-aieyfk,https://www.youtube.com/watch?v=TDHI-aieyfk,Derivatives of Common Functions,Differentiation,Derivatives,word2vec_glove_raw,1,Trigonometric functions,0.923505,,,,
14,TDHI-aieyfk,https://www.youtube.com/watch?v=TDHI-aieyfk,Derivatives of Common Functions,Differentiation,Derivatives,word2vec_glove_raw,2,Modulus of a complex number,0.921459,,,,
14,TDHI-aieyfk,https://www.youtube.com/watch?v=TDHI-aieyfk,Derivatives of Common Functions,Differentiation,Derivatives,word2vec_glove_raw,3,Mean Value Theorem for Integrals,0.89821,,,,
14,TDHI-aieyfk,https://www.youtube.com/watch?v=TDHI-aieyfk,Derivatives of Common Functions,Differentiation,Derivatives,word2vec_glove_raw,4,Trigonometric form,0.891912,,,,
14,TDHI-aieyfk,https://www.youtube.com/watch?v=TDHI-aieyfk,Derivatives of Common Functions,Differentiation,Derivatives,word2vec_glove_raw,5,Area of a region between two or more curves,0.890685,,,,
14,TDHI-aieyfk,https://www.youtube.com/watch?v=TDHI-aieyfk,Derivatives of Common Functions,Differentiation,Derivatives,word2vec_vlm_hybrid,1,Logarithmic rule,0.953486,0.582596,0.935437,0.968254,3
14,TDHI-aieyfk,https://www.youtube.com/watch?v=TDHI-aieyfk,Derivatives of Common Functions,Differentiation,Derivatives,word2vec_vlm_hybrid,2,Trigonometric rules,0.932735,0.52971,0.850522,1.0,1
14,TDHI-aieyfk,https://www.youtube.com/watch?v=TDHI-aieyfk,Derivatives of Common Functions,Differentiation,Derivatives,word2vec_vlm_hybrid,3,Exponential rule,0.839562,0.413035,0.663184,0.983871,2
14,TDHI-aieyfk,https://www.youtube.com/watch?v=TDHI-aieyfk,Derivatives of Common Functions,Differentiation,Derivatives,word2vec_vlm_hybrid,4,Tangent line,0.663085,0.192193,0.308592,0.953125,4
14,TDHI-aieyfk,https://www.youtube.com/watch?v=TDHI-aieyfk,Derivatives of Common Functions,Differentiation,Derivatives,word2vec_vlm_hybrid,5,Slope,0.631549,0.159708,0.256433,0.938462,5
14,TDHI-aieyfk,https://www.youtube.com/watch?v=TDHI-aieyfk,Derivatives of Common Functions,Differentiation,Derivatives,glove_vlm_hybrid,1,Exponential rule,0.91193,0.552817,0.824003,0.983871,2
14,TDHI-aieyfk,https://www.youtube.com/watch?v=TDHI-aieyfk,Derivatives of Common Functions,Differentiation,Derivatives,glove_vlm_hybrid,2,Trigonometric rules,0.904882,0.520819,0.788627,1.0,1
14,TDHI-aieyfk,https://www.youtube.com/watch?v=TDHI-aieyfk,Derivatives of Common Functions,Differentiation,Derivatives,glove_vlm_hybrid,3,Logarithmic rule,0.8711,0.488011,0.752356,0.968254,3
14,TDHI-aieyfk,https://www.youtube.com/watch?v=TDHI-aieyfk,Derivatives of Common Functions,Differentiation,Derivatives,glove_vlm_hybrid,4,Tangent line,0.84689,0.456074,0.717048,0.953125,4
14,TDHI-aieyfk,https://www.youtube.com/watch?v=TDHI-aieyfk,Derivatives of Common Functions,Differentiation,Derivatives,glove_vlm_hybrid,5,Slope,0.736042,0.249476,0.48864,0.938462,5
14,TDHI-aieyfk,https://www.youtube.com/watch?v=TDHI-aieyfk,Derivatives of Common Functions,Differentiation,Derivatives,word2vec_glove_vlm_hybrid,1,Trigonometric rules,0.94212,0.819574,0.871377,1.0,1
14,TDHI-aieyfk,https://www.youtube.com/watch?v=TDHI-aieyfk,Derivatives of Common Functions,Differentiation,Derivatives,word2vec_glove_vlm_hybrid,2,Logarithmic rule,0.938205,0.843897,0.901479,0.968254,3
14,TDHI-aieyfk,https://www.youtube.com/watch?v=TDHI-aieyfk,Derivatives of Common Functions,Differentiation,Derivatives,word2vec_glove_vlm_hybrid,3,Exponential rule,0.890934,0.743594,0.777345,0.983871,2
14,TDHI-aieyfk,https://www.youtube.com/watch?v=TDHI-aieyfk,Derivatives of Common Functions,Differentiation,Derivatives,word2vec_glove_vlm_hybrid,4,Tangent line,0.745503,0.51282,0.491743,0.953125,4
14,TDHI-aieyfk,https://www.youtube.com/watch?v=TDHI-aieyfk,Derivatives of Common Functions,Differentiation,Derivatives,word2vec_glove_vlm_hybrid,5,Slope,0.659313,0.372537,0.318132,0.938462,5
15,uKfcS7-O6UE,https://www.youtube.com/watch?v=uKfcS7-O6UE,Quotient Rule for Differentiation,Differentiation,Derivatives,word2vec_raw,1,Area of a region between two or more curves,0.569526,,,,
15,uKfcS7-O6UE,https://www.youtube.com/watch?v=uKfcS7-O6UE,Quotient Rule for Differentiation,Differentiation,Derivatives,word2vec_raw,2,Modulus of a complex number,0.566616,,,,
15,uKfcS7-O6UE,https://www.youtube.com/watch?v=uKfcS7-O6UE,Quotient Rule for Differentiation,Differentiation,Derivatives,word2vec_raw,3,Center of mass of a 1D object,0.562946,,,,
15,uKfcS7-O6UE,https://www.youtube.com/watch?v=uKfcS7-O6UE,Quotient Rule for Differentiation,Differentiation,Derivatives,word2vec_raw,4,Quotient rule,0.50347,,,,
15,uKfcS7-O6UE,https://www.youtube.com/watch?v=uKfcS7-O6UE,Quotient Rule for Differentiation,Differentiation,Derivatives,word2vec_raw,5,Volume of a solid of revolution,0.495121,,,,
15,uKfcS7-O6UE,https://www.youtube.com/watch?v=uKfcS7-O6UE,Quotient Rule for Differentiation,Differentiation,Derivatives,glove_raw,1,Area of a region between two or more curves,0.835116,,,,
15,uKfcS7-O6UE,https://www.youtube.com/watch?v=uKfcS7-O6UE,Quotient Rule for Differentiation,Differentiation,Derivatives,glove_raw,2,Center of mass of a 1D object,0.800773,,,,
15,uKfcS7-O6UE,https://www.youtube.com/watch?v=uKfcS7-O6UE,Quotient Rule for Differentiation,Differentiation,Derivatives,glove_raw,3,Volume of a solid of revolution,0.78385,,,,
15,uKfcS7-O6UE,https://www.youtube.com/watch?v=uKfcS7-O6UE,Quotient Rule for Differentiation,Differentiation,Derivatives,glove_raw,4,Regions in the complex plane,0.750352,,,,
15,uKfcS7-O6UE,https://www.youtube.com/watch?v=uKfcS7-O6UE,Quotient Rule for Differentiation,Differentiation,Derivatives,glove_raw,5,Powers of i,0.74343,,,,
15,uKfcS7-O6UE,https://www.youtube.com/watch?v=uKfcS7-O6UE,Quotient Rule for Differentiation,Differentiation,Derivatives,word2vec_glove_raw,1,Area of a region between two or more curves,1.0,,,,
15,uKfcS7-O6UE,https://www.youtube.com/watch?v=uKfcS7-O6UE,Quotient Rule for Differentiation,Differentiation,Derivatives,word2vec_glove_raw,2,Center of mass of a 1D object,0.97978,,,,
15,uKfcS7-O6UE,https://www.youtube.com/watch?v=uKfcS7-O6UE,Quotient Rule for Differentiation,Differentiation,Derivatives,word2vec_glove_raw,3,Modulus of a complex number,0.952652,,,,
15,uKfcS7-O6UE,https://www.youtube.com/watch?v=uKfcS7-O6UE,Quotient Rule for Differentiation,Differentiation,Derivatives,word2vec_glove_raw,4,Volume of a solid of revolution,0.913118,,,,
15,uKfcS7-O6UE,https://www.youtube.com/watch?v=uKfcS7-O6UE,Quotient Rule for Differentiation,Differentiation,Derivatives,word2vec_glove_raw,5,Instantaneous rate of change,0.863102,,,,
15,uKfcS7-O6UE,https://www.youtube.com/watch?v=uKfcS7-O6UE,Quotient Rule for Differentiation,Differentiation,Derivatives,word2vec_vlm_hybrid,1,Quotient rule,0.947807,0.50347,0.884016,1.0,1
15,uKfcS7-O6UE,https://www.youtube.com/watch?v=uKfcS7-O6UE,Quotient Rule for Differentiation,Differentiation,Derivatives,word2vec_vlm_hybrid,2,Constant rule,0.851456,0.392754,0.689616,0.983871,2
15,uKfcS7-O6UE,https://www.youtube.com/watch?v=uKfcS7-O6UE,Quotient Rule for Differentiation,Differentiation,Derivatives,word2vec_vlm_hybrid,3,Power rule,0.843599,0.393681,0.691243,0.968254,3
15,uKfcS7-O6UE,https://www.youtube.com/watch?v=uKfcS7-O6UE,Quotient Rule for Differentiation,Differentiation,Derivatives,word2vec_vlm_hybrid,4,Sum/Difference rule,0.821743,0.376551,0.661166,0.953125,4
15,uKfcS7-O6UE,https://www.youtube.com/watch?v=uKfcS7-O6UE,Quotient Rule for Differentiation,Differentiation,Derivatives,word2vec_vlm_hybrid,5,Leibniz notation,0.667819,0.191949,0.337033,0.938462,5
15,uKfcS7-O6UE,https://www.youtube.com/watch?v=uKfcS7-O6UE,Quotient Rule for Differentiation,Differentiation,Derivatives,glove_vlm_hybrid,1,Constant rule,0.914093,0.63159,0.828809,0.983871,2
15,uKfcS7-O6UE,https://www.youtube.com/watch?v=uKfcS7-O6UE,Quotient Rule for Differentiation,Differentiation,Derivatives,glove_vlm_hybrid,2,Sum/Difference rule,0.908555,0.661636,0.854082,0.953125,4
15,uKfcS7-O6UE,https://www.youtube.com/watch?v=uKfcS7-O6UE,Quotient Rule for Differentiation,Differentiation,Derivatives,glove_vlm_hybrid,3,Power rule,0.90317,0.625425,0.823624,0.968254,3
15,uKfcS7-O6UE,https://www.youtube.com/watch?v=uKfcS7-O6UE,Quotient Rule for Differentiation,Differentiation,Derivatives,glove_vlm_hybrid,4,Quotient rule,0.865695,0.480286,0.701544,1.0,1
15,uKfcS7-O6UE,https://www.youtube.com/watch?v=uKfcS7-O6UE,Quotient Rule for Differentiation,Differentiation,Derivatives,glove_vlm_hybrid,5,Leibniz notation,0.691022,0.108228,0.388596,0.938462,5
15,uKfcS7-O6UE,https://www.youtube.com/watch?v=uKfcS7-O6UE,Quotient Rule for Differentiation,Differentiation,Derivatives,word2vec_glove_vlm_hybrid,1,Quotient rule,0.900473,0.79278,0.778828,1.0,1
15,uKfcS7-O6UE,https://www.youtube.com/watch?v=uKfcS7-O6UE,Quotient Rule for Differentiation,Differentiation,Derivatives,word2vec_glove_vlm_hybrid,2,Constant rule,0.875479,0.759212,0.743,0.983871,2
15,uKfcS7-O6UE,https://www.youtube.com/watch?v=uKfcS7-O6UE,Quotient Rule for Differentiation,Differentiation,Derivatives,word2vec_glove_vlm_hybrid,3,Power rule,0.866035,0.757433,0.741101,0.968254,3
15,uKfcS7-O6UE,https://www.youtube.com/watch?v=uKfcS7-O6UE,Quotient Rule for Differentiation,Differentiation,Derivatives,word2vec_glove_vlm_hybrid,4,Sum/Difference rule,0.857806,0.757624,0.741305,0.953125,4
15,uKfcS7-O6UE,https://www.youtube.com/watch?v=uKfcS7-O6UE,Quotient Rule for Differentiation,Differentiation,Derivatives,word2vec_glove_vlm_hybrid,5,Leibniz notation,0.660115,0.362815,0.319913,0.938462,5
